Date,Price
1979-12-27,515.5
1979-12-28,512.0
1980-01-01,512.0
1980-01-02,559.75
1980-01-03,634.25
1980-01-04,634.25
1980-01-07,634.0
1980-01-08,610.0
1980-01-09,607.2
1980-01-10,603.35
1980-01-11,623.0
1980-01-14,660.0
1980-01-15,684.0
1980-01-16,760.0
1980-01-17,750.0
1980-01-18,835.0
1980-01-21,835.0
1980-01-22,737.5
1980-01-23,695.0
1980-01-24,717.0
1980-01-25,668.0
1980-01-28,624.0
1980-01-29,674.25
1980-01-30,691.0
1980-01-31,653.0
1980-02-01,676.5
1980-02-04,669.75
1980-02-05,669.75
1980-02-06,709.0
1980-02-07,699.25
1980-02-08,692.0
1980-02-11,710.5
1980-02-12,694.5
1980-02-13,696.75
1980-02-14,682.0
1980-02-15,667.0
1980-02-18,667.0
1980-02-19,652.25
1980-02-20,652.25
1980-02-21,665.0
1980-02-22,630.0
1980-02-25,616.5
1980-02-26,642.25
1980-02-27,636.0
1980-02-28,646.0
1980-02-29,637.0
1980-03-03,663.75
1980-03-04,631.25
1980-03-05,643.5
1980-03-06,643.5
1980-03-07,609.0
1980-03-10,585.0
1980-03-11,570.25
1980-03-12,585.7
1980-03-13,556.5
1980-03-14,523.0
1980-03-17,484.0
1980-03-18,481.5
1980-03-19,527.0
1980-03-20,561.0
1980-03-21,561.0
1980-03-24,558.25
1980-03-25,547.25
1980-03-26,508.0
1980-03-27,485.25
1980-03-28,490.0
1980-03-31,495.0
1980-04-01,509.5
1980-04-02,500.5
1980-04-03,485.75
1980-04-04,485.75
1980-04-07,485.75
1980-04-08,528.0
1980-04-09,554.0
1980-04-10,526.0
1980-04-11,530.5
1980-04-14,529.75
1980-04-15,497.5
1980-04-16,520.0
1980-04-17,513.0
1980-04-18,515.6
1980-04-21,506.0
1980-04-22,506.0
1980-04-23,506.5
1980-04-24,515.7
1980-04-25,551.5
1980-04-28,524.25
1980-04-29,513.75
1980-04-30,518.0
1980-05-01,490.0
1980-05-02,512.5
1980-05-05,515.0
1980-05-06,512.5
1980-05-07,512.5
1980-05-08,515.75
1980-05-09,508.25
1980-05-12,513.25
1980-05-13,512.0
1980-05-14,525.0
1980-05-15,517.0
1980-05-16,516.5
1980-05-19,514.25
1980-05-20,507.75
1980-05-21,513.5
1980-05-22,513.5
1980-05-23,511.25
1980-05-26,511.25
1980-05-27,514.8
1980-05-28,526.5
1980-05-29,519.6
1980-05-30,535.5
1980-06-02,561.5
1980-06-03,552.5
1980-06-04,571.5
1980-06-05,581.75
1980-06-06,581.75
1980-06-09,623.75
1980-06-10,604.0
1980-06-11,596.0
1980-06-12,590.0
1980-06-13,608.4
1980-06-16,590.0
1980-06-17,591.75
1980-06-18,602.5
1980-06-19,599.0
1980-06-20,602.5
1980-06-23,602.5
1980-06-24,603.0
1980-06-25,622.5
1980-06-26,624.5
1980-06-27,637.5
1980-06-30,653.5
1980-07-01,660.0
1980-07-02,661.5
1980-07-03,663.5
1980-07-04,663.5
1980-07-07,667.5
1980-07-08,687.5
1980-07-09,671.0
1980-07-10,656.5
1980-07-11,666.7
1980-07-14,650.0
1980-07-15,619.5
1980-07-16,624.75
1980-07-17,627.25
1980-07-18,606.0
1980-07-21,617.5
1980-07-22,613.0
1980-07-23,631.25
1980-07-24,643.0
1980-07-25,651.75
1980-07-28,643.5
1980-07-29,646.75
1980-07-30,629.0
1980-07-31,614.25
1980-08-01,622.0
1980-08-04,630.75
1980-08-05,630.5
1980-08-06,627.75
1980-08-07,629.5
1980-08-08,630.0
1980-08-11,617.0
1980-08-12,605.0
1980-08-13,615.25
1980-08-14,626.0
1980-08-15,624.5
1980-08-18,612.5
1980-08-19,624.0
1980-08-20,634.75
1980-08-21,645.25
1980-08-22,639.2
1980-08-25,634.75
1980-08-26,628.85
1980-08-27,633.85
1980-08-28,635.3
1980-08-29,631.25
1980-09-01,631.25
1980-09-02,640.0
1980-09-03,636.75
1980-09-04,647.25
1980-09-05,651.0
1980-09-08,672.0
1980-09-09,670.5
1980-09-10,686.5
1980-09-11,674.0
1980-09-12,685.5
1980-09-15,666.5
1980-09-16,668.0
1980-09-17,673.0
1980-09-18,672.25
1980-09-19,674.0
1980-09-22,710.0
1980-09-23,711.0
1980-09-24,710.5
1980-09-25,697.75
1980-09-26,698.25
1980-09-29,679.25
1980-09-30,666.75
1980-10-01,682.0
1980-10-02,665.75
1980-10-03,660.5
1980-10-06,675.8
1980-10-07,678.15
1980-10-08,677.0
1980-10-09,690.0
1980-10-10,685.25
1980-10-13,685.25
1980-10-14,668.5
1980-10-15,678.3
1980-10-16,674.0
1980-10-17,670.5
1980-10-20,657.0
1980-10-21,652.5
1980-10-22,660.0
1980-10-23,634.5
1980-10-24,633.0
1980-10-27,637.25
1980-10-28,631.75
1980-10-29,644.0
1980-10-30,642.8
1980-10-31,629.0
1980-11-03,640.5
1980-11-04,640.5
1980-11-05,652.0
1980-11-06,632.0
1980-11-07,596.0
1980-11-10,612.8
1980-11-11,598.5
1980-11-12,619.5
1980-11-13,622.0
1980-11-14,612.5
1980-11-17,611.75
1980-11-18,619.0
1980-11-19,629.75
1980-11-20,630.5
1980-11-21,634.75
1980-11-24,631.0
1980-11-25,616.35
1980-11-26,623.0
1980-11-27,623.0
1980-11-28,623.0
1980-12-01,635.3
1980-12-02,627.0
1980-12-03,627.5
1980-12-04,631.5
1980-12-05,617.0
1980-12-08,617.25
1980-12-09,604.0
1980-12-10,579.0
1980-12-11,558.0
1980-12-12,562.75
1980-12-15,579.3
1980-12-16,561.0
1980-12-17,575.75
1980-12-18,573.5
1980-12-19,575.0
1980-12-22,594.75
1980-12-23,602.5
1980-12-24,601.0
1980-12-25,601.0
1980-12-26,601.0
1980-12-29,593.75
1980-12-30,589.25
1980-12-31,586.0
1981-01-01,586.0
1981-01-02,586.0
1981-01-05,597.5
1981-01-06,599.25
1981-01-07,585.0
1981-01-08,574.75
1981-01-09,577.75
1981-01-12,562.0
1981-01-13,562.75
1981-01-14,556.5
1981-01-15,571.5
1981-01-16,560.75
1981-01-19,566.75
1981-01-20,562.0
1981-01-21,578.0
1981-01-22,564.0
1981-01-23,553.0
1981-01-26,528.5
1981-01-27,524.0
1981-01-28,523.5
1981-01-29,493.75
1981-01-30,506.5
1981-02-02,493.5
1981-02-03,486.25
1981-02-04,505.0
1981-02-05,498.5
1981-02-06,500.5
1981-02-09,512.5
1981-02-10,519.5
1981-02-11,501.0
1981-02-12,490.25
1981-02-13,491.5
1981-02-16,491.5
1981-02-17,500.75
1981-02-18,505.0
1981-02-19,503.25
1981-02-20,511.5
1981-02-23,501.5
1981-02-24,503.0
1981-02-25,500.5
1981-02-26,492.0
1981-02-27,489.0
1981-03-02,465.5
1981-03-03,471.0
1981-03-04,465.5
1981-03-05,461.5
1981-03-06,467.0
1981-03-09,475.25
1981-03-10,487.25
1981-03-11,476.25
1981-03-12,478.0
1981-03-13,492.0
1981-03-16,499.75
1981-03-17,493.25
1981-03-18,506.0
1981-03-19,510.0
1981-03-20,516.75
1981-03-23,526.0
1981-03-24,536.25
1981-03-25,528.0
1981-03-26,539.5
1981-03-27,538.75
1981-03-30,526.5
1981-03-31,513.75
1981-04-01,514.25
1981-04-02,519.5
1981-04-03,523.0
1981-04-06,533.75
1981-04-07,514.25
1981-04-08,508.5
1981-04-09,503.0
1981-04-10,493.5
1981-04-13,473.75
1981-04-14,483.0
1981-04-15,476.25
1981-04-16,482.5
1981-04-17,482.5
1981-04-20,477.0
1981-04-21,481.0
1981-04-22,501.0
1981-04-23,488.5
1981-04-24,494.5
1981-04-27,483.0
1981-04-28,482.75
1981-04-29,477.25
1981-04-30,482.75
1981-05-01,487.5
1981-05-04,481.5
1981-05-05,476.25
1981-05-06,482.0
1981-05-07,477.75
1981-05-08,485.75
1981-05-11,493.0
1981-05-12,484.0
1981-05-13,484.25
1981-05-14,476.5
1981-05-15,485.0
1981-05-18,481.75
1981-05-19,481.5
1981-05-20,479.75
1981-05-21,475.0
1981-05-22,472.75
1981-05-25,472.75
1981-05-26,466.5
1981-05-27,466.75
1981-05-28,479.0
1981-05-29,479.25
1981-06-01,483.25
1981-06-02,474.0
1981-06-03,475.5
1981-06-04,462.5
1981-06-05,460.0
1981-06-08,473.5
1981-06-09,460.5
1981-06-10,465.25
1981-06-11,464.25
1981-06-12,472.0
1981-06-15,471.75
1981-06-16,461.5
1981-06-17,461.75
1981-06-18,459.0
1981-06-19,458.25
1981-06-22,462.0
1981-06-23,466.5
1981-06-24,462.0
1981-06-25,446.5
1981-06-26,442.0
1981-06-29,428.75
1981-06-30,426.0
1981-07-01,422.0
1981-07-02,414.5
1981-07-03,414.5
1981-07-06,403.75
1981-07-07,405.0
1981-07-08,397.75
1981-07-09,406.25
1981-07-10,416.5
1981-07-13,413.0
1981-07-14,402.25
1981-07-15,412.25
1981-07-16,418.25
1981-07-17,415.0
1981-07-20,412.5
1981-07-21,406.0
1981-07-22,411.5
1981-07-23,407.75
1981-07-24,407.5
1981-07-27,408.75
1981-07-28,401.5
1981-07-29,404.2
1981-07-30,402.25
1981-07-31,406.0
1981-08-03,392.5
1981-08-04,391.25
1981-08-05,392.4
1981-08-06,393.25
1981-08-07,397.25
1981-08-10,393.75
1981-08-11,401.0
1981-08-12,417.5
1981-08-13,407.25
1981-08-14,413.0
1981-08-17,441.5
1981-08-18,420.0
1981-08-19,431.5
1981-08-20,429.0
1981-08-21,429.5
1981-08-24,422.0
1981-08-25,409.75
1981-08-26,414.0
1981-08-27,411.75
1981-08-28,425.0
1981-08-31,427.0
1981-09-01,421.5
1981-09-02,430.0
1981-09-03,436.5
1981-09-04,439.5
1981-09-07,439.5
1981-09-08,439.0
1981-09-09,436.75
1981-09-10,451.5
1981-09-11,448.25
1981-09-14,451.25
1981-09-15,456.0
1981-09-16,449.0
1981-09-17,459.0
1981-09-18,447.0
1981-09-21,463.5
1981-09-22,462.0
1981-09-23,456.5
1981-09-24,446.25
1981-09-25,450.5
1981-09-28,421.5
1981-09-29,431.75
1981-09-30,428.75
1981-10-01,436.75
1981-10-02,435.0
1981-10-05,441.25
1981-10-06,443.0
1981-10-07,445.5
1981-10-08,443.25
1981-10-09,453.5
1981-10-12,453.5
1981-10-13,443.25
1981-10-14,444.25
1981-10-15,446.65
1981-10-16,443.75
1981-10-19,436.7
1981-10-20,437.3
1981-10-21,429.0
1981-10-22,433.75
1981-10-23,432.5
1981-10-26,426.0
1981-10-27,427.4
1981-10-28,430.8
1981-10-29,424.5
1981-10-30,427.0
1981-11-02,430.0
1981-11-03,428.25
1981-11-04,431.25
1981-11-05,428.5
1981-11-06,428.25
1981-11-09,429.75
1981-11-10,418.5
1981-11-11,412.0
1981-11-12,411.5
1981-11-13,412.5
1981-11-16,404.25
1981-11-17,398.75
1981-11-18,403.75
1981-11-19,401.0
1981-11-20,401.5
1981-11-23,396.75
1981-11-24,399.25
1981-11-25,409.5
1981-11-26,409.5
1981-11-27,409.5
1981-11-30,414.5
1981-12-01,402.5
1981-12-02,406.75
1981-12-03,416.5
1981-12-04,426.0
1981-12-07,416.75
1981-12-08,415.25
1981-12-09,410.25
1981-12-10,405.5
1981-12-11,409.75
1981-12-14,417.5
1981-12-15,413.25
1981-12-16,416.75
1981-12-17,416.25
1981-12-18,415.75
1981-12-21,410.5
1981-12-22,399.6
1981-12-23,400.4
1981-12-24,400.4
1981-12-25,400.4
1981-12-28,396.0
1981-12-29,395.0
1981-12-30,397.5
1981-12-31,401.0
1982-01-01,401.0
1982-01-04,395.0
1982-01-05,403.5
1982-01-06,401.5
1982-01-07,396.5
1982-01-08,400.25
1982-01-11,388.25
1982-01-12,389.0
1982-01-13,380.0
1982-01-14,374.75
1982-01-15,379.25
1982-01-18,373.75
1982-01-19,375.25
1982-01-20,371.5
1982-01-21,376.0
1982-01-22,377.25
1982-01-25,372.0
1982-01-26,376.5
1982-01-27,381.75
1982-01-28,383.5
1982-01-29,387.0
1982-02-01,379.5
1982-02-02,379.15
1982-02-03,378.0
1982-02-04,383.75
1982-02-05,384.25
1982-02-08,379.75
1982-02-09,378.5
1982-02-10,382.15
1982-02-11,380.0
1982-02-12,377.5
1982-02-15,377.5
1982-02-16,375.25
1982-02-17,374.0
1982-02-18,369.25
1982-02-19,369.25
1982-02-22,364.25
1982-02-23,361.0
1982-02-24,362.75
1982-02-25,366.45
1982-02-26,362.6
1982-03-01,361.25
1982-03-02,361.25
1982-03-03,353.75
1982-03-04,346.5
1982-03-05,342.4
1982-03-08,330.5
1982-03-09,329.25
1982-03-10,333.0
1982-03-11,331.75
1982-03-12,323.25
1982-03-15,312.0
1982-03-16,324.5
1982-03-17,316.0
1982-03-18,320.0
1982-03-19,315.75
1982-03-22,320.8
1982-03-24,331.75
1982-03-25,327.75
1982-03-26,322.25
1982-03-29,318.5
1982-03-30,324.25
1982-03-31,320.22
1982-04-01,327.0
1982-04-02,327.75
1982-04-05,337.5
1982-04-06,345.5
1982-04-07,354.0
1982-04-08,351.5
1982-04-09,351.5
1982-04-12,353.5
1982-04-13,353.5
1982-04-14,366.75
1982-04-15,363.25
1982-04-16,362.75
1982-04-19,357.0
1982-04-20,343.0
1982-04-21,346.75
1982-04-22,345.0
1982-04-23,352.25
1982-04-26,357.0
1982-04-27,351.75
1982-04-28,354.5
1982-04-29,348.75
1982-04-30,361.25
1982-05-03,345.5
1982-05-04,341.75
1982-05-05,338.4
1982-05-06,334.5
1982-05-07,334.75
1982-05-10,329.0
1982-05-11,332.25
1982-05-12,331.5
1982-05-13,331.0
1982-05-14,333.25
1982-05-17,338.5
1982-05-18,338.0
1982-05-19,342.0
1982-05-20,342.5
1982-05-21,338.5
1982-05-24,329.0
1982-05-25,327.9
1982-05-26,330.25
1982-05-27,324.25
1982-05-28,325.25
1982-05-31,325.25
1982-06-01,318.75
1982-06-02,318.5
1982-06-03,320.35
1982-06-04,318.75
1982-06-07,325.25
1982-06-08,328.75
1982-06-09,326.0
1982-06-10,326.75
1982-06-11,325.25
1982-06-14,320.75
1982-06-15,315.0
1982-06-16,317.0
1982-06-17,309.0
1982-06-18,308.75
1982-06-21,296.75
1982-06-22,304.0
1982-06-23,304.0
1982-06-24,310.25
1982-06-25,305.5
1982-06-28,303.75
1982-06-29,309.0
1982-06-30,317.5
1982-07-01,310.2
1982-07-02,312.7
1982-07-06,311.0
1982-07-07,306.7
1982-07-08,313.5
1982-07-09,328.5
1982-07-12,343.0
1982-07-13,352.5
1982-07-14,352.7
1982-07-15,350.2
1982-07-16,347.0
1982-07-19,347.5
1982-07-20,347.7
1982-07-21,366.5
1982-07-22,353.0
1982-07-23,363.2
1982-07-26,352.2
1982-07-27,351.2
1982-07-28,347.0
1982-07-29,342.5
1982-07-30,342.9
1982-08-02,351.3
1982-08-03,349.2
1982-08-04,346.2
1982-08-05,346.5
1982-08-06,344.7
1982-08-09,336.0
1982-08-10,338.2
1982-08-11,333.5
1982-08-12,334.7
1982-08-13,338.0
1982-08-16,341.7
1982-08-17,337.7
1982-08-18,357.7
1982-08-19,356.6
1982-08-20,386.5
1982-08-23,394.5
1982-08-24,407.7
1982-08-25,401.0
1982-08-26,417.0
1982-08-27,418.0
1982-08-30,402.2
1982-08-31,411.5
1982-09-01,405.2
1982-09-02,409.7
1982-09-03,455.0
1982-09-07,481.0
1982-09-08,458.0
1982-09-09,466.0
1982-09-10,453.0
1982-09-13,439.0
1982-09-14,454.2
1982-09-15,443.2
1982-09-16,448.5
1982-09-17,441.5
1982-09-20,424.2
1982-09-21,426.5
1982-09-22,443.7
1982-09-23,435.8
1982-09-24,431.0
1982-09-27,413.7
1982-09-28,410.5
1982-09-29,409.7
1982-09-30,397.0
1982-10-01,402.0
1982-10-04,387.5
1982-10-05,390.2
1982-10-06,404.0
1982-10-07,418.5
1982-10-08,433.0
1982-10-12,441.2
1982-10-13,428.7
1982-10-14,448.0
1982-10-15,432.5
1982-10-18,428.2
1982-10-19,441.5
1982-10-20,422.0
1982-10-21,432.5
1982-10-22,428.0
1982-10-25,418.6
1982-10-26,419.2
1982-10-27,417.7
1982-10-28,418.2
1982-11-03,427.5
1982-11-04,424.7
1982-11-05,417.5
1982-11-08,407.2
1982-11-09,409.2
1982-11-10,411.0
1982-11-11,401.2
1982-11-12,398.0
1982-11-15,403.2
1982-11-16,407.5
1982-11-17,412.5
1982-11-18,408.5
1982-11-19,417.6
1982-11-22,410.5
1982-11-23,406.0
1982-11-24,409.2
1982-11-26,406.0
1982-11-29,434.0
1982-11-30,436.0
1982-12-01,440.2
1982-12-02,446.2
1982-12-03,441.2
1982-12-06,445.2
1982-12-07,454.5
1982-12-08,445.0
1982-12-09,437.5
1982-12-10,435.7
1982-12-13,438.7
1982-12-14,449.4
1982-12-15,437.5
1982-12-16,440.2
1982-12-17,437.0
1982-12-20,440.2
1982-12-21,442.2
1982-12-22,447.2
1982-12-23,445.7
1982-12-27,457.0
1982-12-28,455.5
1982-12-29,460.5
1982-12-30,456.9
1983-01-03,452.0
1983-01-04,449.5
1983-01-05,454.0
1983-01-06,454.5
1983-01-07,465.0
1983-01-10,474.0
1983-01-11,484.5
1983-01-12,480.5
1983-01-13,488.2
1983-01-14,483.2
1983-01-17,498.5
1983-01-18,485.0
1983-01-19,495.5
1983-01-20,487.2
1983-01-21,485.0
1983-01-24,476.0
1983-01-25,488.7
1983-01-26,486.5
1983-01-27,496.5
1983-01-28,493.7
1983-01-31,499.5
1983-02-01,508.5
1983-02-02,498.2
1983-02-03,503.5
1983-02-04,498.5
1983-02-07,490.2
1983-02-08,497.2
1983-02-09,490.5
1983-02-10,496.0
1983-02-11,504.5
1983-02-14,500.5
1983-02-15,509.2
1983-02-16,508.5
1983-02-17,504.7
1983-02-18,503.5
1983-02-22,485.5
1983-02-23,470.2
1983-02-24,475.0
1983-02-25,464.7
1983-02-28,408.5
1983-03-01,414.0
1983-03-02,430.0
1983-03-03,429.5
1983-03-04,412.5
1983-03-07,420.7
1983-03-08,417.5
1983-03-09,426.0
1983-03-10,434.7
1983-03-11,420.5
1983-03-14,428.5
1983-03-15,434.5
1983-03-16,419.0
1983-03-17,416.5
1983-03-18,421.7
1983-03-21,414.5
1983-03-22,421.2
1983-03-23,410.0
1983-03-24,415.5
1983-03-25,411.7
1983-03-28,408.7
1983-03-29,412.7
1983-03-30,418.0
1983-03-31,414.7
1983-04-04,417.0
1983-04-05,426.7
1983-04-06,428.5
1983-04-07,425.7
1983-04-08,421.2
1983-04-11,426.7
1983-04-12,432.7
1983-04-13,429.2
1983-04-14,435.5
1983-04-15,436.5
1983-04-18,443.0
1983-04-19,439.5
1983-04-20,433.7
1983-04-21,439.5
1983-04-22,437.0
1983-04-25,441.5
1983-04-26,435.5
1983-04-27,434.2
1983-04-28,428.5
1983-04-29,429.2
1983-05-02,428.5
1983-05-03,433.5
1983-05-04,432.7
1983-05-05,433.7
1983-05-06,431.2
1983-05-09,434.0
1983-05-10,443.7
1983-05-11,443.0
1983-05-12,439.7
1983-05-13,441.2
1983-05-16,436.2
1983-05-17,440.7
1983-05-18,442.7
1983-05-19,442.6
1983-05-20,438.7
1983-05-23,432.7
1983-05-24,436.8
1983-05-25,441.7
1983-05-26,440.0
1983-05-27,437.2
1983-05-31,437.5
1983-06-01,410.0
1983-06-02,412.5
1983-06-03,411.5
1983-06-06,407.7
1983-06-07,400.2
1983-06-08,403.0
1983-06-09,407.7
1983-06-10,411.2
1983-06-13,413.0
1983-06-14,407.9
1983-06-15,408.2
1983-06-16,412.5
1983-06-17,415.5
1983-06-20,415.7
1983-06-21,414.7
1983-06-22,420.5
1983-06-23,420.5
1983-06-24,423.5
1983-06-27,419.5
1983-06-28,416.0
1983-06-29,414.8
1983-06-30,416.0
1983-07-01,416.2
1983-07-05,410.7
1983-07-06,411.6
1983-07-07,412.2
1983-07-08,426.0
1983-07-11,430.5
1983-07-12,429.0
1983-07-13,427.2
1983-07-14,426.2
1983-07-15,422.2
1983-07-18,422.4
1983-07-19,423.7
1983-07-20,428.2
1983-07-21,429.7
1983-07-22,423.5
1983-07-25,422.0
1983-07-26,425.5
1983-07-27,426.2
1983-07-28,425.5
1983-07-29,422.0
1983-08-01,411.2
1983-08-02,414.2
1983-08-03,411.0
1983-08-04,414.0
1983-08-05,409.7
1983-08-08,408.5
1983-08-09,413.0
1983-08-10,408.2
1983-08-11,411.7
1983-08-12,412.4
1983-08-15,416.0
1983-08-16,420.5
1983-08-17,422.5
1983-08-18,421.5
1983-08-19,417.7
1983-08-22,421.7
1983-08-23,426.4
1983-08-24,424.0
1983-08-25,423.2
1983-08-26,417.0
1983-08-29,416.5
1983-08-30,418.1
1983-08-31,414.2
1983-09-01,416.6
1983-09-02,417.5
1983-09-06,418.2
1983-09-07,413.2
1983-09-08,414.0
1983-09-09,414.7
1983-09-12,415.7
1983-09-13,406.7
1983-09-14,401.7
1983-09-15,405.2
1983-09-19,412.2
1983-09-20,412.3
1983-09-21,411.2
1983-09-22,407.7
1983-09-23,413.0
1983-09-26,415.0
1983-09-27,412.2
1983-09-28,413.6
1983-09-29,408.7
1983-09-30,405.0
1983-10-03,389.0
1983-10-04,393.5
1983-10-05,389.5
1983-10-06,394.0
1983-10-07,397.4
1983-10-10,397.4
1983-10-11,399.0
1983-10-12,394.7
1983-10-13,398.6
1983-10-14,398.7
1983-10-17,395.0
1983-10-18,397.2
1983-10-19,394.0
1983-10-20,389.7
1983-10-21,394.2
1983-10-24,394.5
1983-10-25,398.0
1983-10-26,392.6
1983-10-27,384.5
1983-10-28,387.7
1983-10-31,382.0
1983-11-01,377.7
1983-11-02,383.0
1983-11-03,377.7
1983-11-04,381.0
1983-11-07,379.0
1983-11-08,382.2
1983-11-09,383.0
1983-11-10,381.8
1983-11-11,382.0
1983-11-14,382.6
1983-11-15,383.2
1983-11-16,383.2
1983-11-17,375.7
1983-11-18,375.2
1983-11-21,374.2
1983-11-22,376.5
1983-11-23,375.7
1983-11-25,375.7
1983-11-28,394.2
1983-11-29,391.5
1983-11-30,405.0
1983-12-01,399.2
1983-12-02,400.7
1983-12-05,397.2
1983-12-06,397.0
1983-12-07,399.7
1983-12-08,401.0
1983-12-09,388.7
1983-12-12,391.2
1983-12-13,389.2
1983-12-14,389.0
1983-12-15,388.7
1983-12-16,377.2
1983-12-19,375.0
1983-12-20,378.1
1983-12-21,378.6
1983-12-22,378.9
1983-12-23,380.5
1983-12-27,377.7
1983-12-28,378.0
1983-12-29,382.4
1983-12-30,381.5
1984-01-03,383.0
1984-01-04,374.0
1984-01-05,375.2
1984-01-06,375.2
1984-01-09,365.2
1984-01-10,371.2
1984-01-11,367.7
1984-01-12,368.5
1984-01-13,373.2
1984-01-16,369.1
1984-01-17,367.7
1984-01-18,368.7
1984-01-19,374.7
1984-01-20,371.2
1984-01-23,371.35
1984-01-24,365.1
1984-01-25,366.5
1984-01-26,367.0
1984-01-27,370.0
1984-01-30,369.8
1984-01-31,373.7
1984-02-01,378.1
1984-02-02,383.2
1984-02-03,383.1
1984-02-06,380.8
1984-02-07,379.7
1984-02-08,386.2
1984-02-09,383.0
1984-02-10,377.6
1984-02-13,376.8
1984-02-14,376.0
1984-02-15,383.0
1984-02-16,383.9
1984-02-17,382.1
1984-02-21,389.0
1984-02-22,395.2
1984-02-23,398.2
1984-02-24,395.7
1984-02-27,393.5
1984-02-28,399.2
1984-02-29,394.2
1984-03-01,392.7
1984-03-02,399.0
1984-03-05,405.8
1984-03-06,402.5
1984-03-07,398.7
1984-03-08,397.2
1984-03-09,399.9
1984-03-12,395.7
1984-03-13,397.2
1984-03-14,399.7
1984-03-15,394.5
1984-03-16,392.7
1984-03-19,393.6
1984-03-20,393.8
1984-03-21,392.3
1984-03-22,389.3
1984-03-23,387.9
1984-03-26,387.4
1984-03-27,388.8
1984-03-28,385.7
1984-03-29,390.2
1984-03-30,388.5
1984-04-02,387.2
1984-04-03,380.4
1984-04-04,381.2
1984-04-05,381.2
1984-04-06,380.2
1984-04-09,382.4
1984-04-10,381.3
1984-04-11,384.5
1984-04-12,381.9
1984-04-13,379.2
1984-04-16,380.1
1984-04-17,380.2
1984-04-18,380.5
1984-04-19,384.9
1984-04-23,387.2
1984-04-24,383.2
1984-04-25,382.3
1984-04-26,379.9
1984-04-27,379.2
1984-04-30,375.8
1984-05-01,376.5
1984-05-02,377.3
1984-05-03,378.5
1984-05-04,376.7
1984-05-07,374.5
1984-05-08,371.5
1984-05-09,372.6
1984-05-10,371.7
1984-05-11,372.5
1984-05-14,372.5
1984-05-15,373.2
1984-05-16,375.2
1984-05-17,376.5
1984-05-18,375.6
1984-05-21,380.7
1984-05-22,379.5
1984-05-23,378.5
1984-05-24,375.6
1984-05-25,384.2
1984-05-29,385.6
1984-05-30,386.4
1984-05-31,384.2
1984-06-01,393.7
1984-06-04,391.0
1984-06-05,393.7
1984-06-06,391.6
1984-06-07,392.2
1984-06-08,386.0
1984-06-11,382.5
1984-06-12,375.0
1984-06-13,374.0
1984-06-14,375.6
1984-06-15,368.0
1984-06-18,367.9
1984-06-19,370.6
1984-06-20,370.0
1984-06-21,370.7
1984-06-22,374.2
1984-06-25,369.2
1984-06-26,369.5
1984-06-27,369.2
1984-06-28,372.9
1984-06-29,373.0
1984-07-02,370.0
1984-07-03,368.3
1984-07-05,364.8
1984-07-06,353.2
1984-07-09,338.5
1984-07-10,344.2
1984-07-11,339.2
1984-07-12,341.1
1984-07-13,345.0
1984-07-16,350.1
1984-07-17,347.1
1984-07-18,345.7
1984-07-19,350.2
1984-07-20,342.0
1984-07-23,335.0
1984-07-24,338.5
1984-07-25,341.7
1984-07-26,344.2
1984-07-27,335.2
1984-07-30,338.5
1984-07-31,342.3
1984-08-01,339.0
1984-08-02,344.0
1984-08-03,349.2
1984-08-06,349.2
1984-08-07,342.0
1984-08-08,344.5
1984-08-09,344.2
1984-08-10,346.7
1984-08-13,343.5
1984-08-14,354.0
1984-08-15,350.9
1984-08-16,352.2
1984-08-17,352.0
1984-08-20,349.3
1984-08-21,346.0
1984-08-22,345.0
1984-08-23,351.2
1984-08-24,350.0
1984-08-27,348.0
1984-08-28,349.7
1984-08-29,350.5
1984-08-30,347.2
1984-08-31,348.2
1984-09-04,341.2
1984-09-05,338.2
1984-09-06,340.5
1984-09-07,339.7
1984-09-10,338.4
1984-09-11,340.3
1984-09-12,338.5
1984-09-13,336.8
1984-09-14,341.4
1984-09-17,335.2
1984-09-18,336.7
1984-09-19,340.0
1984-09-20,338.7
1984-09-21,343.5
1984-09-24,347.7
1984-09-25,345.0
1984-09-26,346.1
1984-09-27,345.2
1984-09-28,343.7
1984-10-01,345.4
1984-10-02,345.2
1984-10-03,348.5
1984-10-04,346.2
1984-10-05,343.8
1984-10-08,343.8
1984-10-09,341.0
1984-10-10,337.7
1984-10-11,338.1
1984-10-12,338.9
1984-10-15,338.6
1984-10-16,339.5
1984-10-17,340.5
1984-10-18,339.5
1984-10-19,339.5
1984-10-22,338.4
1984-10-23,340.0
1984-10-24,340.0
1984-10-25,338.5
1984-10-26,337.6
1984-10-29,336.2
1984-10-30,335.5
1984-10-31,333.5
1984-11-01,333.8
1984-11-02,343.1
1984-11-05,342.4
1984-11-06,342.4
1984-11-07,347.6
1984-11-08,347.1
1984-11-09,346.8
1984-11-12,345.7
1984-11-13,350.4
1984-11-14,345.8
1984-11-15,343.7
1984-11-16,345.0
1984-11-19,343.4
1984-11-20,342.6
1984-11-21,340.3
1984-11-23,340.3
1984-11-26,336.9
1984-11-27,332.9
1984-11-28,329.0
1984-11-29,330.6
1984-11-30,329.0
1984-12-03,329.5
1984-12-04,332.0
1984-12-05,329.9
1984-12-06,330.7
1984-12-07,327.0
1984-12-10,326.2
1984-12-11,326.7
1984-12-12,324.5
1984-12-13,324.2
1984-12-14,322.5
1984-12-17,315.0
1984-12-18,309.0
1984-12-19,309.3
1984-12-20,307.5
1984-12-21,311.0
1984-12-26,312.6
1984-12-27,309.2
1984-12-28,308.3
1984-12-31,308.3
1985-01-02,305.5
1985-01-03,302.3
1985-01-04,303.1
1985-01-07,298.2
1985-01-08,302.0
1985-01-09,300.5
1985-01-10,303.8
1985-01-11,304.2
1985-01-14,299.0
1985-01-15,301.8
1985-01-16,302.7
1985-01-17,305.5
1985-01-18,308.0
1985-01-21,307.2
1985-01-22,306.9
1985-01-23,300.2
1985-01-24,300.8
1985-01-25,298.8
1985-01-28,297.7
1985-01-29,303.2
1985-01-30,302.9
1985-01-31,306.6
1985-02-01,303.6
1985-02-04,301.2
1985-02-05,302.0
1985-02-06,302.8
1985-02-07,301.6
1985-02-08,299.8
1985-02-11,300.1
1985-02-12,302.5
1985-02-13,303.2
1985-02-14,304.1
1985-02-15,304.0
1985-02-19,302.6
1985-02-20,302.9
1985-02-21,299.8
1985-02-22,298.4
1985-02-25,284.2
1985-02-26,285.7
1985-02-27,290.8
1985-02-28,287.7
1985-03-01,287.2
1985-03-04,288.6
1985-03-05,287.9
1985-03-06,287.4
1985-03-07,289.6
1985-03-08,291.0
1985-03-11,291.0
1985-03-12,288.4
1985-03-13,290.2
1985-03-14,290.7
1985-03-15,292.7
1985-03-18,298.8
1985-03-19,316.7
1985-03-20,324.0
1985-03-21,318.5
1985-03-22,315.5
1985-03-25,314.6
1985-03-26,323.7
1985-03-27,330.4
1985-03-28,326.2
1985-03-29,329.2
1985-04-01,321.1
1985-04-02,318.7
1985-04-03,321.2
1985-04-04,316.7
1985-04-08,317.5
1985-04-09,323.1
1985-04-10,327.2
1985-04-11,332.2
1985-04-12,329.9
1985-04-15,334.2
1985-04-16,330.5
1985-04-17,327.3
1985-04-18,329.7
1985-04-19,327.0
1985-04-22,327.7
1985-04-23,326.6
1985-04-24,322.0
1985-04-25,322.5
1985-04-26,323.5
1985-04-29,322.5
1985-04-30,321.3
1985-05-01,312.5
1985-05-02,313.2
1985-05-03,312.7
1985-05-06,309.9
1985-05-07,313.5
1985-05-08,312.8
1985-05-09,315.1
1985-05-10,314.5
1985-05-13,321.0
1985-05-14,326.5
1985-05-15,322.7
1985-05-16,320.1
1985-05-17,322.5
1985-05-20,323.3
1985-05-21,314.9
1985-05-22,316.3
1985-05-23,315.4
1985-05-24,314.7
1985-05-28,311.3
1985-05-29,312.0
1985-05-30,314.6
1985-05-31,314.0
1985-06-03,318.1
1985-06-04,315.7
1985-06-05,314.2
1985-06-06,314.8
1985-06-07,314.3
1985-06-10,312.0
1985-06-11,315.0
1985-06-12,314.5
1985-06-13,313.7
1985-06-14,318.2
1985-06-17,318.9
1985-06-18,323.7
1985-06-19,325.4
1985-06-20,318.1
1985-06-21,313.4
1985-06-24,314.6
1985-06-25,315.5
1985-06-26,316.7
1985-06-27,315.0
1985-06-28,317.7
1985-07-01,313.9
1985-07-02,308.2
1985-07-03,310.3
1985-07-08,309.2
1985-07-09,314.8
1985-07-10,314.8
1985-07-11,313.5
1985-07-12,312.6
1985-07-15,315.8
1985-07-16,321.7
1985-07-17,325.6
1985-07-18,320.0
1985-07-19,318.9
1985-07-22,317.2
1985-07-23,322.5
1985-07-24,317.7
1985-07-25,317.4
1985-07-26,316.9
1985-07-29,326.5
1985-07-30,325.2
1985-07-31,327.5
1985-08-01,322.1
1985-08-02,320.5
1985-08-05,323.7
1985-08-06,320.0
1985-08-07,321.1
1985-08-08,322.7
1985-08-09,321.6
1985-08-12,326.9
1985-08-13,326.7
1985-08-14,326.0
1985-08-15,331.3
1985-08-16,335.3
1985-08-19,341.1
1985-08-20,334.4
1985-08-21,335.9
1985-08-22,335.5
1985-08-23,334.8
1985-08-26,337.6
1985-08-27,336.0
1985-08-28,340.9
1985-08-29,337.2
1985-08-30,333.2
1985-09-03,328.2
1985-09-04,326.0
1985-09-05,326.0
1985-09-06,317.6
1985-09-09,319.6
1985-09-10,321.6
1985-09-11,321.0
1985-09-12,319.5
1985-09-13,321.3
1985-09-16,319.5
1985-09-17,317.8
1985-09-18,316.5
1985-09-19,316.5
1985-09-20,319.1
1985-09-23,327.7
1985-09-24,327.9
1985-09-25,328.5
1985-09-26,329.2
1985-09-27,329.2
1985-09-30,326.0
1985-10-01,322.5
1985-10-02,325.2
1985-10-03,325.1
1985-10-04,328.0
1985-10-07,326.0
1985-10-08,326.6
1985-10-09,326.8
1985-10-10,325.7
1985-10-11,325.8
1985-10-14,325.8
1985-10-15,327.2
1985-10-16,323.9
1985-10-17,325.7
1985-10-18,326.5
1985-10-21,326.4
1985-10-22,328.0
1985-10-23,325.9
1985-10-24,326.4
1985-10-25,325.6
1985-10-28,326.5
1985-10-29,326.5
1985-10-30,326.4
1985-10-31,325.3
1985-11-01,323.7
1985-11-04,325.6
1985-11-05,324.8
1985-11-06,324.6
1985-11-07,323.2
1985-11-08,322.2
1985-11-11,323.3
1985-11-12,323.3
1985-11-13,324.5
1985-11-14,325.5
1985-11-15,325.6
1985-11-18,323.7
1985-11-19,324.6
1985-11-20,325.9
1985-11-21,325.8
1985-11-22,326.7
1985-11-25,330.4
1985-11-26,331.5
1985-11-27,328.4
1985-11-29,328.4
1985-12-02,321.7
1985-12-03,322.8
1985-12-04,324.2
1985-12-05,323.0
1985-12-06,322.3
1985-12-09,317.6
1985-12-10,317.2
1985-12-11,315.5
1985-12-12,317.7
1985-12-13,318.0
1985-12-16,318.6
1985-12-17,321.1
1985-12-18,320.3
1985-12-19,325.8
1985-12-20,325.5
1985-12-23,327.6
1985-12-24,327.6
1985-12-26,325.5
1985-12-27,326.8
1985-12-30,327.0
1985-12-31,329.7
1986-01-02,326.5
1986-01-03,327.0
1986-01-06,328.0
1986-01-07,330.2
1986-01-08,332.6
1986-01-09,333.5
1986-01-10,340.4
1986-01-13,339.4
1986-01-14,341.0
1986-01-15,347.0
1986-01-16,363.2
1986-01-17,352.6
1986-01-20,351.0
1986-01-21,356.7
1986-01-22,353.2
1986-01-23,350.3
1986-01-24,354.0
1986-01-27,358.4
1986-01-28,353.2
1986-01-29,353.5
1986-01-30,358.2
1986-01-31,350.5
1986-02-03,347.3
1986-02-04,338.8
1986-02-05,337.3
1986-02-06,337.1
1986-02-07,337.4
1986-02-10,340.1
1986-02-11,336.0
1986-02-12,337.5
1986-02-13,334.0
1986-02-14,331.3
1986-02-18,337.5
1986-02-19,341.6
1986-02-20,337.3
1986-02-21,338.0
1986-02-24,342.0
1986-02-25,352.6
1986-02-26,346.0
1986-02-27,336.9
1986-02-28,338.1
1986-03-03,335.6
1986-03-04,337.1
1986-03-05,341.7
1986-03-06,344.7
1986-03-07,343.3
1986-03-10,340.5
1986-03-11,342.9
1986-03-12,344.1
1986-03-13,349.8
1986-03-14,348.0
1986-03-17,349.9
1986-03-18,351.1
1986-03-19,346.7
1986-03-20,350.6
1986-03-21,352.9
1986-03-24,350.4
1986-03-25,352.0
1986-03-26,344.3
1986-03-27,344.2
1986-03-31,338.1
1986-04-01,333.1
1986-04-02,335.5
1986-04-03,334.7
1986-04-04,334.5
1986-04-07,337.9
1986-04-08,339.6
1986-04-09,338.1
1986-04-10,337.7
1986-04-11,341.9
1986-04-14,341.8
1986-04-15,342.0
1986-04-16,339.0
1986-04-17,340.1
1986-04-18,343.0
1986-04-21,341.6
1986-04-22,344.3
1986-04-23,346.2
1986-04-24,344.7
1986-04-25,344.4
1986-04-28,343.4
1986-04-29,342.4
1986-04-30,345.7
1986-05-01,345.3
1986-05-02,341.6
1986-05-05,343.0
1986-05-06,340.4
1986-05-07,342.4
1986-05-08,343.0
1986-05-09,343.83
1986-05-12,343.0
1986-05-13,339.88
1986-05-14,340.19
1986-05-15,339.57
1986-05-16,340.81
1986-05-19,338.21
1986-05-20,336.03
1986-05-21,335.93
1986-05-22,338.42
1986-05-23,338.42
1986-05-27,338.94
1986-05-28,338.94
1986-05-29,339.98
1986-05-30,339.98
1986-06-02,338.42
1986-06-03,338.94
1986-06-04,337.59
1986-06-05,338.42
1986-06-06,338.42
1986-06-09,338.42
1986-06-10,345.49
1986-06-11,344.45
1986-06-12,343.52
1986-06-13,344.45
1986-06-16,335.93
1986-06-17,333.33
1986-06-18,336.65
1986-06-19,336.65
1986-06-20,336.65
1986-06-23,337.59
1986-06-24,339.98
1986-06-25,341.13
1986-06-26,341.96
1986-06-27,340.4
1986-06-30,343.52
1986-07-01,341.96
1986-07-02,339.98
1986-07-03,340.4
1986-07-04,340.4
1986-07-07,341.85
1986-07-08,343.93
1986-07-09,343.93
1986-07-10,343.52
1986-07-11,344.97
1986-07-14,342.58
1986-07-15,344.45
1986-07-16,343.93
1986-07-17,344.45
1986-07-18,344.97
1986-07-21,351.0
1986-07-22,350.49
1986-07-23,344.45
1986-07-24,345.49
1986-07-25,346.22
1986-07-28,350.49
1986-07-29,348.4
1986-07-30,348.4
1986-07-31,354.64
1986-08-01,358.8
1986-08-04,356.83
1986-08-05,355.68
1986-08-06,358.8
1986-08-07,359.12
1986-08-08,366.08
1986-08-11,385.0
1986-08-12,381.68
1986-08-13,388.54
1986-08-14,382.51
1986-08-15,382.51
1986-08-18,374.71
1986-08-19,372.11
1986-08-20,375.65
1986-08-21,381.68
1986-08-22,379.39
1986-08-26,378.14
1986-08-27,378.04
1986-08-28,383.24
1986-08-29,383.45
1986-09-01,387.71
1986-09-02,391.24
1986-09-03,404.87
1986-09-04,403.72
1986-09-05,417.45
1986-09-08,415.68
1986-09-09,409.75
1986-09-10,416.4
1986-09-11,400.7
1986-09-12,417.49
1986-09-15,409.57
1986-09-16,413.26
1986-09-17,411.35
1986-09-18,416.4
1986-09-19,428.96
1986-09-22,435.1
1986-09-23,431.82
1986-09-24,433.05
1986-09-25,431.82
1986-09-26,431.0
1986-09-29,427.45
1986-09-30,422.81
1986-10-01,422.95
1986-10-02,432.1
1986-10-03,436.6
1986-10-06,437.15
1986-10-07,437.15
1986-10-08,438.37
1986-10-09,431.82
1986-10-10,430.32
1986-10-13,431.55
1986-10-14,428.27
1986-10-15,422.95
1986-10-16,425.13
1986-10-17,420.49
1986-10-20,425.13
1986-10-21,424.04
1986-10-22,423.63
1986-10-23,423.77
1986-10-24,411.35
1986-10-27,409.3
1986-10-28,411.35
1986-10-29,404.52
1986-10-30,404.66
1986-10-31,399.88
1986-11-03,405.48
1986-11-04,407.53
1986-11-05,405.48
1986-11-06,407.53
1986-11-07,408.62
1986-11-10,410.53
1986-11-11,403.84
1986-11-12,404.66
1986-11-13,406.98
1986-11-14,407.39
1986-11-17,390.74
1986-11-18,390.33
1986-11-19,392.51
1986-11-20,388.69
1986-11-21,382.82
1986-11-24,381.05
1986-11-25,383.78
1986-11-26,381.05
1986-11-27,382.82
1986-11-28,388.96
1986-12-01,391.01
1986-12-02,387.87
1986-12-03,391.69
1986-12-04,386.92
1986-12-05,387.19
1986-12-08,386.92
1986-12-09,386.1
1986-12-10,390.33
1986-12-11,387.74
1986-12-12,389.78
1986-12-15,393.88
1986-12-16,393.33
1986-12-17,391.29
1986-12-18,392.24
1986-12-19,391.15
1986-12-22,392.38
1986-12-23,388.69
1986-12-24,387.87
1986-12-29,387.33
1986-12-30,387.87
1986-12-31,390.19
1987-01-02,403.1
1987-01-05,399.08
1987-01-06,400.71
1987-01-07,399.84
1987-01-08,401.47
1987-01-09,403.97
1987-01-12,410.6
1987-01-13,409.18
1987-01-14,417.44
1987-01-15,414.61
1987-01-16,415.37
1987-01-19,421.46
1987-01-20,414.18
1987-01-21,406.58
1987-01-22,408.75
1987-01-23,402.78
1987-01-26,407.34
1987-01-27,411.14
1987-01-28,406.9
1987-01-29,409.18
1987-01-30,403.43
1987-02-02,406.36
1987-02-03,399.84
1987-02-04,402.78
1987-02-05,399.08
1987-02-06,403.1
1987-02-09,405.71
1987-02-10,402.56
1987-02-11,400.5
1987-02-12,400.39
1987-02-13,396.91
1987-02-16,396.91
1987-02-17,394.09
1987-02-18,391.05
1987-02-19,393.55
1987-02-20,399.3
1987-02-23,403.43
1987-02-24,401.47
1987-02-25,405.71
1987-02-26,403.86
1987-02-27,405.27
1987-03-02,404.19
1987-03-03,404.4
1987-03-04,406.03
1987-03-05,410.38
1987-03-06,405.82
1987-03-09,403.97
1987-03-10,405.71
1987-03-11,406.58
1987-03-12,408.21
1987-03-13,404.4
1987-03-16,405.17
1987-03-17,402.56
1987-03-18,404.73
1987-03-19,403.43
1987-03-20,403.97
1987-03-23,407.88
1987-03-24,412.99
1987-03-25,411.9
1987-03-26,411.03
1987-03-27,419.94
1987-03-30,420.69
1987-03-31,417.76
1987-04-01,417.0
1987-04-02,417.55
1987-04-03,419.18
1987-04-06,418.63
1987-04-07,422.0
1987-04-08,419.61
1987-04-09,431.99
1987-04-10,432.21
1987-04-13,437.85
1987-04-14,450.34
1987-04-15,441.76
1987-04-16,442.85
1987-04-20,452.52
1987-04-21,447.19
1987-04-22,449.8
1987-04-23,459.68
1987-04-24,461.86
1987-04-27,443.72
1987-04-28,451.65
1987-04-29,451.65
1987-04-30,453.6
1987-05-01,456.53
1987-05-04,460.01
1987-05-05,458.05
1987-05-06,458.16
1987-05-07,457.41
1987-05-08,454.57
1987-05-11,455.69
1987-05-12,458.79
1987-05-13,458.06
1987-05-14,463.67
1987-05-15,467.49
1987-05-18,473.69
1987-05-19,469.8
1987-05-20,474.94
1987-05-21,469.47
1987-05-22,464.0
1987-05-25,465.45
1987-05-26,451.08
1987-05-27,448.97
1987-05-28,451.67
1987-05-29,451.27
1987-06-01,446.66
1987-06-02,455.89
1987-06-03,451.47
1987-06-04,452.59
1987-06-05,453.58
1987-06-08,455.96
1987-06-09,452.73
1987-06-10,457.41
1987-06-11,458.0
1987-06-12,454.37
1987-06-15,451.14
1987-06-16,451.74
1987-06-17,446.79
1987-06-18,450.22
1987-06-19,449.5
1987-06-22,437.04
1987-06-23,440.46
1987-06-24,443.56
1987-06-25,440.66
1987-06-26,443.69
1987-06-29,445.94
1987-06-30,448.64
1987-07-01,446.86
1987-07-02,445.74
1987-07-03,443.69
1987-07-06,443.5
1987-07-07,442.25
1987-07-08,444.75
1987-07-09,445.28
1987-07-10,444.16
1987-07-13,446.46
1987-07-14,447.39
1987-07-15,452.92
1987-07-16,452.99
1987-07-17,450.15
1987-07-20,451.47
1987-07-21,453.06
1987-07-22,454.57
1987-07-23,454.83
1987-07-24,453.71
1987-07-27,453.45
1987-07-28,456.35
1987-07-29,457.47
1987-07-30,459.19
1987-07-31,463.73
1987-08-03,472.24
1987-08-04,477.64
1987-08-05,466.57
1987-08-06,467.75
1987-08-07,463.34
1987-08-10,460.04
1987-08-11,464.0
1987-08-12,462.88
1987-08-13,459.58
1987-08-14,451.74
1987-08-17,453.65
1987-08-18,458.39
1987-08-19,458.0
1987-08-20,456.48
1987-08-21,454.97
1987-08-24,460.44
1987-08-25,457.14
1987-08-26,457.87
1987-08-27,456.48
1987-08-28,452.86
1987-08-31,452.86
1987-09-01,454.37
1987-09-02,462.94
1987-09-03,463.67
1987-09-04,462.68
1987-09-07,463.73
1987-09-08,458.06
1987-09-09,456.34
1987-09-10,460.14
1987-09-11,458.49
1987-09-14,456.52
1987-09-15,458.24
1987-09-16,457.51
1987-09-17,459.23
1987-09-18,460.94
1987-09-21,459.72
1987-09-22,461.68
1987-09-23,461.56
1987-09-24,461.56
1987-09-25,459.78
1987-09-28,459.65
1987-09-29,459.72
1987-09-30,458.98
1987-10-01,453.46
1987-10-02,454.87
1987-10-05,456.83
1987-10-06,457.02
1987-10-07,457.63
1987-10-08,458.0
1987-10-09,461.37
1987-10-12,461.56
1987-10-13,458.55
1987-10-14,460.64
1987-10-15,462.35
1987-10-16,467.2
1987-10-19,479.23
1987-10-20,465.97
1987-10-21,466.89
1987-10-22,470.21
1987-10-23,473.15
1987-10-26,475.79
1987-10-27,475.24
1987-10-28,478.92
1987-10-29,470.88
1987-10-30,468.67
1987-11-02,469.47
1987-11-03,467.88
1987-11-04,465.85
1987-11-05,457.14
1987-11-06,460.14
1987-11-09,461.99
1987-11-10,460.7
1987-11-11,461.37
1987-11-12,463.09
1987-11-13,464.38
1987-11-16,461.56
1987-11-17,464.44
1987-11-18,462.91
1987-11-19,464.75
1987-11-20,469.17
1987-11-23,474.87
1987-11-24,474.81
1987-11-25,476.4
1987-11-26,477.39
1987-11-27,484.5
1987-11-30,490.46
1987-12-01,489.96
1987-12-02,487.45
1987-12-03,488.06
1987-12-04,483.28
1987-12-07,481.25
1987-12-08,483.34
1987-12-09,484.14
1987-12-10,492.11
1987-12-11,496.71
1987-12-14,498.25
1987-12-15,482.48
1987-12-16,485.67
1987-12-17,485.0
1987-12-18,479.96
1987-12-21,479.47
1987-12-22,483.4
1987-12-23,482.66
1987-12-24,485.85
1987-12-28,487.57
1987-12-29,485.98
1987-12-30,482.48
1987-12-31,485.85
1988-01-04,480.76
1988-01-05,480.76
1988-01-06,483.28
1988-01-07,481.31
1988-01-08,483.95
1988-01-11,481.87
1988-01-12,480.59
1988-01-13,480.36
1988-01-14,487.06
1988-01-15,473.96
1988-01-18,475.68
1988-01-19,477.08
1988-01-20,476.3
1988-01-21,478.41
1988-01-22,477.47
1988-01-25,469.44
1988-01-26,470.07
1988-01-27,465.78
1988-01-28,466.56
1988-01-29,454.01
1988-02-01,454.63
1988-02-02,454.01
1988-02-03,439.35
1988-02-04,445.04
1988-02-05,440.36
1988-02-08,440.13
1988-02-09,441.92
1988-02-10,440.91
1988-02-11,440.13
1988-02-12,445.43
1988-02-15,445.04
1988-02-16,444.65
1988-02-17,446.21
1988-02-18,442.7
1988-02-19,445.04
1988-02-22,444.42
1988-02-23,441.3
1988-02-24,431.94
1988-02-25,432.96
1988-02-26,429.45
1988-02-29,430.23
1988-03-01,430.77
1988-03-02,430.62
1988-03-03,427.66
1988-03-04,437.4
1988-03-07,437.25
1988-03-08,435.06
1988-03-09,436.07
1988-03-10,442.08
1988-03-11,441.14
1988-03-14,441.69
1988-03-15,446.21
1988-03-16,445.04
1988-03-17,443.64
1988-03-18,444.26
1988-03-21,448.94
1988-03-22,448.78
1988-03-23,450.89
1988-03-24,453.23
1988-03-25,452.29
1988-03-28,455.18
1988-03-29,455.02
1988-03-30,456.74
1988-03-31,453.85
1988-04-04,455.41
1988-04-05,452.06
1988-04-06,447.38
1988-04-07,449.17
1988-04-08,450.11
1988-04-11,451.12
1988-04-12,449.95
1988-04-13,446.21
1988-04-14,452.84
1988-04-15,454.79
1988-04-18,458.3
1988-04-19,456.97
1988-04-20,455.41
1988-04-21,453.85
1988-04-22,449.33
1988-04-25,446.99
1988-04-26,448.39
1988-04-27,451.12
1988-04-28,449.95
1988-04-29,449.95
1988-05-02,444.42
1988-05-03,445.2
1988-05-04,444.03
1988-05-05,444.81
1988-05-06,442.86
1988-05-09,446.6
1988-05-10,449.33
1988-05-11,449.17
1988-05-12,451.28
1988-05-13,451.12
1988-05-16,453.44
1988-05-17,453.44
1988-05-18,455.44
1988-05-19,455.7
1988-05-20,456.09
1988-05-23,460.04
1988-05-24,459.07
1988-05-25,453.44
1988-05-26,452.79
1988-05-27,450.33
1988-05-30,452.08
1988-05-31,454.41
1988-06-01,456.67
1988-06-02,466.84
1988-06-03,464.18
1988-06-06,462.69
1988-06-07,458.94
1988-06-08,455.7
1988-06-09,456.93
1988-06-10,448.84
1988-06-13,449.42
1988-06-14,450.33
1988-06-15,452.66
1988-06-16,449.68
1988-06-17,454.08
1988-06-20,450.59
1988-06-21,451.43
1988-06-22,449.42
1988-06-23,447.29
1988-06-24,442.95
1988-06-27,442.95
1988-06-28,437.19
1988-06-29,435.7
1988-06-30,434.92
1988-07-01,437.06
1988-07-04,437.19
1988-07-05,437.83
1988-07-06,438.42
1988-07-07,438.93
1988-07-08,438.42
1988-07-11,434.53
1988-07-12,436.67
1988-07-13,439.9
1988-07-14,438.29
1988-07-15,439.9
1988-07-18,437.44
1988-07-19,445.41
1988-07-20,444.18
1988-07-21,441.33
1988-07-22,442.04
1988-07-25,426.83
1988-07-26,432.07
1988-07-27,433.17
1988-07-28,431.94
1988-07-29,435.7
1988-08-01,434.34
1988-08-02,431.42
1988-08-03,433.17
1988-08-04,432.78
1988-08-05,431.68
1988-08-08,430.32
1988-08-09,427.41
1988-08-10,428.83
1988-08-11,428.83
1988-08-12,430.9
1988-08-15,432.65
1988-08-16,428.57
1988-08-17,430.45
1988-08-18,431.68
1988-08-19,431.16
1988-08-22,433.17
1988-08-23,431.94
1988-08-24,434.66
1988-08-25,432.07
1988-08-26,431.68
1988-08-29,429.42
1988-08-30,428.19
1988-08-31,430.58
1988-09-01,430.19
1988-09-02,429.29
1988-09-05,427.28
1988-09-06,426.44
1988-09-07,427.67
1988-09-08,428.44
1988-09-09,421.58
1988-09-12,420.68
1988-09-13,420.68
1988-09-14,420.68
1988-09-15,417.05
1988-09-16,411.55
1988-09-19,408.68
1988-09-20,405.14
1988-09-21,397.4
1988-09-22,398.62
1988-09-23,393.09
1988-09-26,394.47
1988-09-27,397.24
1988-09-28,397.79
1988-09-29,396.02
1988-09-30,394.03
1988-10-03,397.35
1988-10-04,397.79
1988-10-05,400.17
1988-10-06,403.37
1988-10-07,402.76
1988-10-10,408.07
1988-10-11,404.03
1988-10-12,407.62
1988-10-13,406.63
1988-10-14,408.79
1988-10-17,411.83
1988-10-18,411.83
1988-10-19,410.89
1988-10-20,412.05
1988-10-21,408.01
1988-10-24,405.64
1988-10-25,406.19
1988-10-26,408.18
1988-10-27,407.13
1988-10-28,412.16
1988-10-31,412.16
1988-11-01,411.05
1988-11-02,421.33
1988-11-03,421.06
1988-11-04,421.06
1988-11-07,422.11
1988-11-08,418.35
1988-11-09,421.83
1988-11-10,418.29
1988-11-11,420.83
1988-11-14,422.82
1988-11-15,422.82
1988-11-16,423.43
1988-11-17,422.22
1988-11-18,416.8
1988-11-21,415.31
1988-11-22,417.46
1988-11-23,419.06
1988-11-24,419.78
1988-11-25,424.1
1988-11-28,422.11
1988-11-29,421.33
1988-11-30,423.6
1988-12-01,422.93
1988-12-02,430.34
1988-12-05,428.18
1988-12-06,427.08
1988-12-07,422.22
1988-12-08,423.43
1988-12-09,422.33
1988-12-12,419.56
1988-12-13,419.29
1988-12-14,420.83
1988-12-15,412.65
1988-12-16,412.65
1988-12-19,413.93
1988-12-20,413.93
1988-12-21,414.81
1988-12-22,417.08
1988-12-23,417.9
1988-12-27,417.68
1988-12-28,412.82
1988-12-29,407.4
1988-12-30,409.39
1989-01-03,410.28
1989-01-04,408.07
1989-01-05,407.4
1989-01-06,405.3
1989-01-09,404.53
1989-01-10,403.37
1989-01-11,402.87
1989-01-12,404.14
1989-01-13,401.77
1989-01-16,401.27
1989-01-17,402.04
1989-01-18,401.55
1989-01-19,403.13
1989-01-20,407.66
1989-01-23,406.9
1989-01-24,404.9
1989-01-25,405.13
1989-01-26,402.01
1989-01-27,394.78
1989-01-30,394.19
1989-01-31,390.31
1989-02-01,391.84
1989-02-02,390.78
1989-02-03,391.13
1989-02-06,391.37
1989-02-07,389.84
1989-02-08,393.6
1989-02-09,392.9
1989-02-10,386.72
1989-02-13,384.78
1989-02-14,384.37
1989-02-15,383.37
1989-02-16,382.84
1989-02-17,379.9
1989-02-20,382.13
1989-02-21,385.43
1989-02-22,386.07
1989-02-23,390.37
1989-02-24,388.96
1989-02-27,385.9
1989-02-28,386.9
1989-03-01,383.55
1989-03-02,383.31
1989-03-03,386.13
1989-03-06,387.13
1989-03-07,392.66
1989-03-08,392.19
1989-03-09,394.07
1989-03-10,393.43
1989-03-13,393.25
1989-03-14,395.01
1989-03-15,390.72
1989-03-16,388.6
1989-03-17,392.37
1989-03-20,394.9
1989-03-21,393.13
1989-03-22,393.43
1989-03-23,391.49
1989-03-27,389.96
1989-03-28,381.96
1989-03-29,381.37
1989-03-30,380.25
1989-03-31,384.66
1989-04-03,385.49
1989-04-04,385.72
1989-04-05,383.43
1989-04-06,383.6
1989-04-07,382.66
1989-04-10,385.31
1989-04-11,384.6
1989-04-12,386.72
1989-04-13,389.31
1989-04-14,384.72
1989-04-17,384.96
1989-04-18,382.9
1989-04-19,382.43
1989-04-20,385.13
1989-04-21,383.96
1989-04-24,386.43
1989-04-25,384.6
1989-04-26,383.9
1989-04-27,381.96
1989-04-28,377.72
1989-05-01,377.72
1989-05-02,377.07
1989-05-03,377.72
1989-05-04,376.72
1989-05-05,376.96
1989-05-08,375.37
1989-05-09,377.9
1989-05-10,376.19
1989-05-11,379.31
1989-05-12,375.96
1989-05-15,374.07
1989-05-16,373.6
1989-05-17,371.66
1989-05-18,368.19
1989-05-19,364.37
1989-05-22,361.49
1989-05-23,361.78
1989-05-24,361.94
1989-05-25,365.75
1989-05-26,363.96
1989-05-29,362.69
1989-05-30,363.17
1989-05-31,361.23
1989-06-01,362.1
1989-06-02,367.18
1989-06-05,365.35
1989-06-06,377.17
1989-06-07,374.36
1989-06-08,372.73
1989-06-09,356.98
1989-06-12,360.75
1989-06-13,362.06
1989-06-14,361.66
1989-06-15,366.26
1989-06-16,364.32
1989-06-19,366.03
1989-06-20,364.88
1989-06-21,370.94
1989-06-22,369.71
1989-06-23,376.97
1989-06-26,374.08
1989-06-27,375.66
1989-06-28,374.95
1989-06-29,369.95
1989-06-30,373.44
1989-07-03,376.97
1989-07-04,376.46
1989-07-05,384.27
1989-07-06,384.47
1989-07-07,381.57
1989-07-10,382.72
1989-07-11,379.47
1989-07-12,377.05
1989-07-13,375.07
1989-07-14,370.07
1989-07-17,370.27
1989-07-18,372.05
1989-07-19,367.97
1989-07-20,370.71
1989-07-21,371.7
1989-07-24,372.45
1989-07-25,372.77
1989-07-26,374.16
1989-07-27,372.53
1989-07-28,366.3
1989-07-31,370.07
1989-08-01,369.99
1989-08-02,369.36
1989-08-03,373.09
1989-08-04,367.33
1989-08-07,366.06
1989-08-08,365.83
1989-08-09,365.75
1989-08-10,365.75
1989-08-11,363.29
1989-08-14,364.88
1989-08-15,368.64
1989-08-16,366.3
1989-08-17,365.83
1989-08-18,365.83
1989-08-21,366.38
1989-08-22,366.38
1989-08-23,363.61
1989-08-24,362.26
1989-08-25,359.0
1989-08-28,358.77
1989-08-29,362.1
1989-08-30,360.04
1989-08-31,358.29
1989-09-01,359.0
1989-09-04,358.93
1989-09-05,358.13
1989-09-06,360.51
1989-09-07,359.4
1989-09-08,358.29
1989-09-11,357.97
1989-09-12,358.29
1989-09-13,358.45
1989-09-14,359.16
1989-09-15,362.34
1989-09-18,360.19
1989-09-19,359.72
1989-09-20,363.37
1989-09-21,363.92
1989-09-22,364.16
1989-09-25,368.21
1989-09-26,366.79
1989-09-27,365.73
1989-09-28,366.38
1989-09-29,366.14
1989-10-02,366.3
1989-10-03,365.56
1989-10-04,365.81
1989-10-05,362.7
1989-10-06,363.02
1989-10-09,362.29
1989-10-10,360.65
1989-10-11,361.63
1989-10-12,362.78
1989-10-13,362.78
1989-10-16,366.9
1989-10-17,366.83
1989-10-18,368.18
1989-10-19,366.59
1989-10-20,366.69
1989-10-23,366.21
1989-10-24,369.38
1989-10-25,368.44
1989-10-26,371.15
1989-10-27,377.5
1989-10-30,377.1
1989-10-31,373.9
1989-11-01,373.15
1989-11-02,378.7
1989-11-03,377.85
1989-11-06,380.8
1989-11-07,385.0
1989-11-08,389.0
1989-11-09,386.45
1989-11-10,385.95
1989-11-13,390.5
1989-11-14,392.55
1989-11-15,390.05
1989-11-16,391.95
1989-11-17,394.6
1989-11-20,398.45
1989-11-21,403.5
1989-11-22,410.0
1989-11-23,412.0
1989-11-24,419.05
1989-11-27,414.25
1989-11-28,413.0
1989-11-29,407.75
1989-11-30,411.7
1989-12-01,413.75
1989-12-04,400.5
1989-12-05,403.85
1989-12-06,405.25
1989-12-07,409.65
1989-12-08,412.25
1989-12-11,417.25
1989-12-12,417.55
1989-12-13,405.25
1989-12-14,408.65
1989-12-15,413.35
1989-12-18,412.65
1989-12-19,412.75
1989-12-20,413.55
1989-12-21,412.0
1989-12-22,414.15
1989-12-25,413.5
1989-12-26,407.0
1989-12-27,400.75
1989-12-28,399.75
1989-12-29,403.05
1990-01-02,399.45
1990-01-03,394.75
1990-01-04,399.05
1990-01-05,406.35
1990-01-08,402.1
1990-01-09,405.75
1990-01-10,411.45
1990-01-11,413.45
1990-01-12,415.38
1990-01-15,415.45
1990-01-16,409.25
1990-01-17,413.45
1990-01-18,410.9
1990-01-19,410.15
1990-01-22,408.65
1990-01-23,413.2
1990-01-24,417.65
1990-01-25,418.12
1990-01-26,420.25
1990-01-29,419.0
1990-01-30,418.85
1990-01-31,411.7
1990-02-01,417.9
1990-02-02,418.35
1990-02-05,422.95
1990-02-06,421.5
1990-02-07,417.8
1990-02-08,418.9
1990-02-09,416.0
1990-02-12,419.55
1990-02-13,418.05
1990-02-14,416.8
1990-02-15,413.55
1990-02-16,417.5
1990-02-19,416.6
1990-02-20,419.35
1990-02-21,417.55
1990-02-22,416.75
1990-02-23,415.15
1990-02-26,408.55
1990-02-27,408.65
1990-02-28,406.75
1990-03-01,406.95
1990-03-02,403.5
1990-03-05,404.55
1990-03-06,404.0
1990-03-07,401.55
1990-03-08,400.1
1990-03-09,400.05
1990-03-12,399.15
1990-03-13,398.95
1990-03-14,398.25
1990-03-15,398.5
1990-03-16,399.95
1990-03-19,401.25
1990-03-20,393.25
1990-03-21,391.65
1990-03-22,394.25
1990-03-23,389.15
1990-03-26,368.62
1990-03-27,367.75
1990-03-28,369.35
1990-03-29,371.55
1990-03-30,370.45
1990-04-02,370.55
1990-04-03,375.25
1990-04-04,377.25
1990-04-05,375.55
1990-04-06,380.75
1990-04-09,375.95
1990-04-10,375.75
1990-04-11,375.0
1990-04-12,375.85
1990-04-13,375.85
1990-04-16,374.85
1990-04-17,374.75
1990-04-18,376.4
1990-04-19,377.5
1990-04-20,376.25
1990-04-23,378.7
1990-04-24,375.85
1990-04-25,371.6
1990-04-26,370.85
1990-04-27,371.5
1990-04-30,368.9
1990-05-01,370.25
1990-05-02,369.95
1990-05-03,371.55
1990-05-04,371.35
1990-05-07,372.05
1990-05-08,370.5
1990-05-09,371.35
1990-05-10,370.9
1990-05-11,368.95
1990-05-14,368.2
1990-05-15,370.15
1990-05-16,369.25
1990-05-17,369.3
1990-05-18,373.25
1990-05-21,372.8
1990-05-22,374.75
1990-05-23,364.85
1990-05-24,366.75
1990-05-25,367.85
1990-05-28,367.5
1990-05-29,366.75
1990-05-30,364.7
1990-05-31,363.9
1990-06-01,359.0
1990-06-04,357.8
1990-06-05,359.2
1990-06-06,357.05
1990-06-07,354.0
1990-06-08,355.25
1990-06-11,355.35
1990-06-12,354.75
1990-06-13,353.55
1990-06-14,349.15
1990-06-15,345.55
1990-06-18,348.75
1990-06-19,348.2
1990-06-20,349.75
1990-06-21,350.05
1990-06-22,349.75
1990-06-25,353.35
1990-06-26,350.3
1990-06-27,350.25
1990-06-28,351.1
1990-06-29,357.05
1990-07-02,358.1
1990-07-03,361.5
1990-07-04,362.55
1990-07-05,360.75
1990-07-06,360.4
1990-07-09,357.8
1990-07-10,355.0
1990-07-11,353.35
1990-07-12,357.95
1990-07-13,364.25
1990-07-16,362.75
1990-07-17,361.25
1990-07-18,361.3
1990-07-19,360.65
1990-07-20,361.15
1990-07-23,368.6
1990-07-24,367.3
1990-07-25,371.45
1990-07-26,368.95
1990-07-27,367.5
1990-07-30,367.95
1990-07-31,370.75
1990-08-01,373.25
1990-08-02,377.45
1990-08-03,377.75
1990-08-06,384.75
1990-08-07,386.5
1990-08-08,382.95
1990-08-09,385.75
1990-08-10,396.75
1990-08-13,404.25
1990-08-14,404.68
1990-08-15,402.75
1990-08-16,410.38
1990-08-17,409.48
1990-08-20,409.75
1990-08-21,407.0
1990-08-22,413.62
1990-08-23,411.45
1990-08-24,411.95
1990-08-27,390.25
1990-08-28,383.0
1990-08-29,387.5
1990-08-30,389.25
1990-08-31,383.0
1990-09-03,386.85
1990-09-04,384.5
1990-09-05,388.75
1990-09-06,390.25
1990-09-07,390.05
1990-09-10,379.6
1990-09-11,380.85
1990-09-12,382.65
1990-09-13,383.75
1990-09-14,385.35
1990-09-17,390.75
1990-09-18,388.85
1990-09-19,385.85
1990-09-20,389.75
1990-09-21,389.25
1990-09-24,403.62
1990-09-25,401.4
1990-09-26,407.38
1990-09-27,405.25
1990-09-28,403.15
1990-10-01,388.55
1990-10-02,389.05
1990-10-03,394.62
1990-10-04,393.25
1990-10-05,394.25
1990-10-08,394.0
1990-10-09,390.5
1990-10-10,388.88
1990-10-11,391.15
1990-10-12,388.25
1990-10-15,375.75
1990-10-16,362.35
1990-10-17,366.55
1990-10-18,371.38
1990-10-19,372.95
1990-10-22,369.75
1990-10-23,370.95
1990-10-24,373.75
1990-10-25,376.45
1990-10-26,371.25
1990-10-29,374.3
1990-10-30,378.75
1990-10-31,380.2
1990-11-01,381.55
1990-11-02,376.5
1990-11-05,378.95
1990-11-06,385.35
1990-11-07,386.6
1990-11-08,387.25
1990-11-09,384.65
1990-11-12,381.6
1990-11-13,385.25
1990-11-14,377.45
1990-11-15,379.05
1990-11-16,379.15
1990-11-19,381.75
1990-11-20,377.75
1990-11-21,379.35
1990-11-22,380.25
1990-11-23,384.15
1990-11-26,386.45
1990-11-27,385.15
1990-11-28,384.95
1990-11-29,387.35
1990-11-30,382.25
1990-12-03,375.55
1990-12-04,376.05
1990-12-05,373.2
1990-12-06,371.35
1990-12-07,369.55
1990-12-10,373.25
1990-12-11,372.25
1990-12-12,371.75
1990-12-13,373.3
1990-12-14,376.05
1990-12-17,376.75
1990-12-18,376.1
1990-12-19,384.25
1990-12-20,383.65
1990-12-21,381.45
1990-12-24,383.5
1990-12-25,390.0
1990-12-26,384.25
1990-12-27,384.85
1990-12-28,393.0
1990-12-31,393.0
1991-01-02,388.65
1991-01-03,386.75
1991-01-04,385.3
1991-01-07,393.1
1991-01-08,390.75
1991-01-09,391.75
1991-01-10,389.65
1991-01-11,391.5
1991-01-14,398.75
1991-01-15,399.0
1991-01-16,403.38
1991-01-17,374.0
1991-01-18,374.1
1991-01-21,379.35
1991-01-22,380.75
1991-01-23,378.25
1991-01-24,372.9
1991-01-25,375.85
1991-01-28,376.6
1991-01-29,376.35
1991-01-30,367.95
1991-01-31,366.35
1991-02-01,365.55
1991-02-04,368.35
1991-02-05,365.85
1991-02-06,362.35
1991-02-07,367.25
1991-02-08,369.55
1991-02-11,366.25
1991-02-12,367.0
1991-02-13,367.05
1991-02-14,367.95
1991-02-15,363.75
1991-02-18,363.95
1991-02-19,363.65
1991-02-20,363.9
1991-02-21,361.55
1991-02-22,357.0
1991-02-25,359.25
1991-02-26,358.25
1991-02-27,361.1
1991-02-28,366.15
1991-03-01,366.85
1991-03-04,367.05
1991-03-05,364.0
1991-03-06,366.5
1991-03-07,366.95
1991-03-08,369.0
1991-03-11,365.1
1991-03-12,364.9
1991-03-13,366.85
1991-03-14,364.95
1991-03-15,364.45
1991-03-18,362.35
1991-03-19,363.35
1991-03-20,362.45
1991-03-21,362.05
1991-03-22,362.55
1991-03-25,358.65
1991-03-26,356.95
1991-03-27,355.25
1991-03-28,356.55
1991-03-29,355.6
1991-04-01,359.0
1991-04-02,357.45
1991-04-03,359.4
1991-04-04,358.5
1991-04-05,359.05
1991-04-08,360.85
1991-04-09,364.15
1991-04-10,363.45
1991-04-11,362.05
1991-04-12,359.95
1991-04-15,360.55
1991-04-16,360.1
1991-04-17,360.95
1991-04-18,357.6
1991-04-19,356.65
1991-04-22,357.25
1991-04-23,356.6
1991-04-24,355.95
1991-04-25,353.95
1991-04-26,353.85
1991-04-29,352.25
1991-04-30,356.6
1991-05-01,356.0
1991-05-02,355.1
1991-05-03,353.85
1991-05-06,355.25
1991-05-07,356.65
1991-05-08,357.3
1991-05-09,358.25
1991-05-10,356.85
1991-05-13,358.25
1991-05-14,359.4
1991-05-15,359.45
1991-05-16,356.15
1991-05-17,354.75
1991-05-20,356.65
1991-05-21,356.75
1991-05-22,355.65
1991-05-23,354.95
1991-05-24,356.25
1991-05-27,356.6
1991-05-28,363.25
1991-05-29,360.45
1991-05-30,362.7
1991-05-31,361.5
1991-06-03,362.5
1991-06-04,362.05
1991-06-05,362.45
1991-06-06,365.45
1991-06-07,366.25
1991-06-10,372.95
1991-06-11,370.5
1991-06-12,369.9
1991-06-13,369.35
1991-06-14,366.5
1991-06-17,367.75
1991-06-18,367.75
1991-06-19,368.15
1991-06-20,368.2
1991-06-21,366.95
1991-06-24,363.55
1991-06-25,364.5
1991-06-26,366.1
1991-06-27,366.0
1991-06-28,368.25
1991-07-01,368.25
1991-07-02,367.8
1991-07-03,369.75
1991-07-04,369.75
1991-07-05,370.25
1991-07-08,370.25
1991-07-09,369.25
1991-07-10,369.65
1991-07-11,367.5
1991-07-12,368.5
1991-07-15,369.55
1991-07-16,368.9
1991-07-17,369.55
1991-07-18,369.15
1991-07-19,370.6
1991-07-22,367.4
1991-07-23,367.5
1991-07-24,364.55
1991-07-25,364.55
1991-07-26,366.25
1991-07-29,364.15
1991-07-30,363.75
1991-07-31,363.95
1991-08-01,363.55
1991-08-02,356.35
1991-08-05,356.3
1991-08-06,357.25
1991-08-07,356.95
1991-08-08,356.7
1991-08-09,358.75
1991-08-12,357.5
1991-08-13,356.8
1991-08-14,357.85
1991-08-15,357.3
1991-08-16,358.0
1991-08-19,358.9
1991-08-20,356.2
1991-08-21,355.95
1991-08-22,354.55
1991-08-23,353.85
1991-08-26,355.25
1991-08-27,354.5
1991-08-28,354.5
1991-08-29,351.45
1991-08-30,348.55
1991-09-02,348.0
1991-09-03,348.25
1991-09-04,349.05
1991-09-05,346.85
1991-09-06,349.15
1991-09-09,350.9
1991-09-10,349.75
1991-09-11,345.45
1991-09-12,344.25
1991-09-13,344.45
1991-09-16,344.55
1991-09-17,346.7
1991-09-18,348.25
1991-09-19,348.45
1991-09-20,348.55
1991-09-23,351.0
1991-09-24,353.75
1991-09-25,352.6
1991-09-26,350.8
1991-09-27,349.25
1991-09-30,354.05
1991-10-01,354.1
1991-10-02,355.15
1991-10-03,357.8
1991-10-04,358.85
1991-10-07,358.9
1991-10-08,356.95
1991-10-09,359.15
1991-10-10,358.2
1991-10-11,359.5
1991-10-14,358.3
1991-10-15,357.45
1991-10-16,357.6
1991-10-17,360.1
1991-10-18,362.05
1991-10-21,363.3
1991-10-22,363.25
1991-10-23,362.15
1991-10-24,361.85
1991-10-25,360.5
1991-10-28,358.6
1991-10-29,359.1
1991-10-30,357.9
1991-10-31,357.95
1991-11-01,355.35
1991-11-04,356.75
1991-11-05,354.35
1991-11-06,354.6
1991-11-07,353.65
1991-11-08,354.0
1991-11-11,355.35
1991-11-12,355.9
1991-11-13,356.35
1991-11-14,355.1
1991-11-15,359.25
1991-11-18,360.35
1991-11-19,363.0
1991-11-20,363.95
1991-11-21,367.65
1991-11-22,368.95
1991-11-25,367.8
1991-11-26,365.65
1991-11-27,367.75
1991-11-28,366.05
1991-11-29,367.9
1991-12-02,366.55
1991-12-03,363.65
1991-12-04,365.1
1991-12-05,366.75
1991-12-06,368.95
1991-12-09,368.95
1991-12-10,368.25
1991-12-11,366.2
1991-12-12,358.0
1991-12-13,359.2
1991-12-16,359.1
1991-12-17,356.75
1991-12-18,359.05
1991-12-19,357.75
1991-12-20,358.7
1991-12-23,359.6
1991-12-24,359.55
1991-12-25,358.75
1991-12-26,355.2
1991-12-27,354.0
1991-12-30,352.95
1991-12-31,354.3
1992-01-01,354.3
1992-01-02,352.45
1992-01-03,350.75
1992-01-06,349.75
1992-01-07,349.55
1992-01-08,350.75
1992-01-09,357.25
1992-01-10,356.35
1992-01-13,353.95
1992-01-14,354.85
1992-01-15,354.15
1992-01-16,356.55
1992-01-17,354.1
1992-01-20,357.85
1992-01-21,357.75
1992-01-22,357.6
1992-01-23,354.85
1992-01-24,354.75
1992-01-27,355.05
1992-01-28,355.9
1992-01-29,356.45
1992-01-30,354.4
1992-01-31,357.0
1992-02-03,356.0
1992-02-04,355.95
1992-02-05,355.7
1992-02-06,355.55
1992-02-07,354.75
1992-02-10,355.65
1992-02-11,356.05
1992-02-12,357.8
1992-02-13,355.6
1992-02-14,353.35
1992-02-17,354.25
1992-02-18,353.05
1992-02-19,352.95
1992-02-20,353.35
1992-02-21,351.25
1992-02-24,349.95
1992-02-25,349.6
1992-02-26,349.65
1992-02-27,353.75
1992-02-28,353.1
1992-03-02,351.55
1992-03-03,350.6
1992-03-04,350.65
1992-03-05,351.7
1992-03-06,349.5
1992-03-09,349.05
1992-03-10,349.05
1992-03-11,350.3
1992-03-12,347.4
1992-03-13,346.95
1992-03-16,343.55
1992-03-17,340.55
1992-03-18,338.65
1992-03-19,338.95
1992-03-20,338.45
1992-03-23,338.25
1992-03-24,339.6
1992-03-25,341.25
1992-03-26,340.75
1992-03-27,342.45
1992-03-30,341.85
1992-03-31,343.4
1992-04-01,342.55
1992-04-02,340.55
1992-04-03,340.9
1992-04-06,340.05
1992-04-07,338.55
1992-04-08,337.85
1992-04-09,339.6
1992-04-10,341.05
1992-04-13,339.35
1992-04-14,339.5
1992-04-15,335.9
1992-04-16,337.35
1992-04-17,338.0
1992-04-20,337.0
1992-04-21,340.35
1992-04-22,338.65
1992-04-23,338.35
1992-04-24,336.5
1992-04-27,336.15
1992-04-28,336.3
1992-04-29,335.75
1992-04-30,337.15
1992-05-01,338.55
1992-05-04,336.75
1992-05-05,337.05
1992-05-06,336.75
1992-05-07,335.45
1992-05-08,335.65
1992-05-11,336.5
1992-05-12,335.0
1992-05-13,335.85
1992-05-14,337.65
1992-05-15,338.65
1992-05-18,338.65
1992-05-19,337.8
1992-05-20,337.9
1992-05-21,337.15
1992-05-22,337.85
1992-05-25,338.35
1992-05-26,338.15
1992-05-27,337.8
1992-05-28,337.3
1992-05-29,336.55
1992-06-01,337.85
1992-06-02,338.95
1992-06-03,338.5
1992-06-04,338.75
1992-06-05,338.75
1992-06-08,338.15
1992-06-09,338.05
1992-06-10,337.9
1992-06-11,340.25
1992-06-12,342.75
1992-06-15,342.75
1992-06-16,342.15
1992-06-17,341.6
1992-06-18,342.5
1992-06-19,340.95
1992-06-22,343.45
1992-06-23,344.35
1992-06-24,342.9
1992-06-25,343.05
1992-06-26,342.55
1992-06-29,343.7
1992-06-30,343.25
1992-07-01,344.15
1992-07-02,346.25
1992-07-03,346.25
1992-07-06,346.65
1992-07-07,346.4
1992-07-08,347.35
1992-07-09,348.7
1992-07-10,348.25
1992-07-13,348.95
1992-07-14,350.85
1992-07-15,353.7
1992-07-16,352.5
1992-07-17,357.2
1992-07-20,358.9
1992-07-21,357.65
1992-07-22,359.25
1992-07-23,358.0
1992-07-24,359.5
1992-07-27,358.05
1992-07-28,359.25
1992-07-29,356.65
1992-07-30,356.75
1992-07-31,357.85
1992-08-03,353.25
1992-08-04,353.15
1992-08-05,349.65
1992-08-06,349.55
1992-08-07,350.6
1992-08-10,350.15
1992-08-11,347.9
1992-08-12,340.25
1992-08-13,335.1
1992-08-14,335.55
1992-08-17,337.25
1992-08-18,336.2
1992-08-19,337.85
1992-08-20,337.75
1992-08-21,337.65
1992-08-24,341.8
1992-08-25,340.5
1992-08-26,338.4
1992-08-27,339.15
1992-08-28,339.7
1992-08-31,342.45
1992-09-01,340.75
1992-09-02,338.9
1992-09-03,341.15
1992-09-04,341.5
1992-09-07,343.15
1992-09-08,342.45
1992-09-09,342.05
1992-09-10,342.15
1992-09-11,341.0
1992-09-14,346.7
1992-09-15,346.25
1992-09-16,349.2
1992-09-17,348.0
1992-09-18,351.25
1992-09-21,347.7
1992-09-22,349.5
1992-09-23,348.95
1992-09-24,349.35
1992-09-25,349.3
1992-09-28,348.1
1992-09-29,348.75
1992-09-30,348.55
1992-10-01,348.35
1992-10-02,348.55
1992-10-05,350.75
1992-10-06,350.4
1992-10-07,350.85
1992-10-08,350.0
1992-10-09,350.55
1992-10-12,345.9
1992-10-13,344.45
1992-10-14,341.75
1992-10-15,341.35
1992-10-16,342.25
1992-10-19,342.7
1992-10-20,343.75
1992-10-21,343.75
1992-10-22,342.55
1992-10-23,343.35
1992-10-26,340.75
1992-10-27,337.55
1992-10-28,339.15
1992-10-29,339.65
1992-10-30,339.7
1992-11-02,339.95
1992-11-03,337.95
1992-11-04,337.55
1992-11-05,336.75
1992-11-06,335.8
1992-11-09,333.35
1992-11-10,330.25
1992-11-11,332.25
1992-11-12,332.95
1992-11-13,335.95
1992-11-16,334.65
1992-11-17,335.45
1992-11-18,335.0
1992-11-19,335.25
1992-11-20,335.45
1992-11-23,334.55
1992-11-24,334.85
1992-11-25,333.65
1992-11-26,334.85
1992-11-27,334.75
1992-11-30,334.55
1992-12-01,335.15
1992-12-02,335.9
1992-12-03,335.55
1992-12-04,335.96
1992-12-07,336.15
1992-12-08,335.6
1992-12-09,333.85
1992-12-10,334.15
1992-12-11,335.25
1992-12-14,334.8
1992-12-15,334.75
1992-12-16,337.75
1992-12-17,338.25
1992-12-18,337.2
1992-12-21,334.2
1992-12-22,332.45
1992-12-23,333.25
1992-12-24,333.1
1992-12-25,334.0
1992-12-28,333.25
1992-12-29,333.0
1992-12-30,333.4
1992-12-31,333.15
1993-01-04,328.55
1993-01-05,329.25
1993-01-06,329.9
1993-01-07,329.55
1993-01-08,329.45
1993-01-11,328.15
1993-01-12,328.9
1993-01-13,328.15
1993-01-14,327.7
1993-01-15,327.7
1993-01-18,328.5
1993-01-19,328.85
1993-01-20,329.9
1993-01-21,329.6
1993-01-22,328.75
1993-01-25,328.95
1993-01-26,331.25
1993-01-27,329.85
1993-01-28,330.2
1993-01-29,329.85
1993-02-01,329.85
1993-02-02,329.65
1993-02-03,328.75
1993-02-04,328.4
1993-02-05,327.95
1993-02-08,327.8
1993-02-09,328.5
1993-02-10,332.1
1993-02-11,331.5
1993-02-12,328.95
1993-02-15,328.75
1993-02-16,332.2
1993-02-17,330.65
1993-02-18,330.25
1993-02-19,330.05
1993-02-22,328.1
1993-02-23,330.6
1993-02-24,329.45
1993-02-25,329.5
1993-02-26,328.45
1993-03-01,328.65
1993-03-02,329.65
1993-03-03,329.0
1993-03-04,329.05
1993-03-05,329.75
1993-03-08,327.25
1993-03-09,327.0
1993-03-10,326.4
1993-03-11,327.05
1993-03-12,328.0
1993-03-15,329.15
1993-03-16,329.1
1993-03-17,329.05
1993-03-18,330.5
1993-03-19,331.8
1993-03-22,332.75
1993-03-23,331.75
1993-03-24,332.35
1993-03-25,332.45
1993-03-26,332.35
1993-03-29,332.25
1993-03-30,336.6
1993-03-31,337.0
1993-04-01,338.35
1993-04-02,340.35
1993-04-05,339.0
1993-04-06,337.65
1993-04-07,337.65
1993-04-08,337.35
1993-04-09,337.65
1993-04-12,336.75
1993-04-13,337.2
1993-04-14,338.85
1993-04-15,337.1
1993-04-16,338.65
1993-04-19,340.1
1993-04-20,339.6
1993-04-21,339.1
1993-04-22,340.65
1993-04-23,346.12
1993-04-26,352.25
1993-04-27,349.95
1993-04-28,353.05
1993-04-29,356.25
1993-04-30,355.6
1993-05-03,353.55
1993-05-04,354.35
1993-05-05,354.1
1993-05-06,357.15
1993-05-07,356.12
1993-05-10,356.1
1993-05-11,356.15
1993-05-12,361.25
1993-05-13,368.35
1993-05-14,367.75
1993-05-17,366.9
1993-05-18,377.62
1993-05-19,373.12
1993-05-20,374.25
1993-05-21,377.6
1993-05-24,374.12
1993-05-25,378.88
1993-05-26,374.9
1993-05-27,381.25
1993-05-28,377.38
1993-05-31,379.0
1993-06-01,369.5
1993-06-02,369.88
1993-06-03,374.5
1993-06-04,376.55
1993-06-07,373.9
1993-06-08,372.88
1993-06-09,370.25
1993-06-10,369.12
1993-06-11,366.27
1993-06-14,365.38
1993-06-15,370.12
1993-06-16,369.98
1993-06-17,371.3
1993-06-18,371.25
1993-06-21,369.85
1993-06-22,368.88
1993-06-23,374.0
1993-06-24,374.75
1993-06-25,377.0
1993-06-28,375.35
1993-06-29,378.5
1993-06-30,377.25
1993-07-01,387.38
1993-07-02,385.7
1993-07-05,387.85
1993-07-06,392.9
1993-07-07,397.45
1993-07-08,393.75
1993-07-09,391.5
1993-07-12,394.45
1993-07-13,394.88
1993-07-14,391.38
1993-07-15,393.38
1993-07-16,392.45
1993-07-19,391.95
1993-07-20,392.05
1993-07-21,388.95
1993-07-22,391.9
1993-07-23,390.25
1993-07-26,392.95
1993-07-27,391.35
1993-07-28,393.25
1993-07-29,400.0
1993-07-30,407.05
1993-08-02,405.88
1993-08-03,403.05
1993-08-04,400.1
1993-08-05,377.75
1993-08-06,377.0
1993-08-09,383.62
1993-08-10,381.35
1993-08-11,375.62
1993-08-12,367.5
1993-08-13,369.75
1993-08-16,373.5
1993-08-17,372.0
1993-08-18,374.65
1993-08-19,371.38
1993-08-20,373.75
1993-08-23,373.05
1993-08-24,371.88
1993-08-25,372.4
1993-08-26,368.25
1993-08-27,369.5
1993-08-30,370.5
1993-08-31,372.5
1993-09-01,369.5
1993-09-02,363.75
1993-09-03,364.65
1993-09-06,364.35
1993-09-07,350.38
1993-09-08,351.85
1993-09-09,354.45
1993-09-10,350.15
1993-09-13,343.88
1993-09-14,345.35
1993-09-15,347.75
1993-09-16,352.95
1993-09-17,350.8
1993-09-20,353.7
1993-09-21,363.7
1993-09-22,354.25
1993-09-23,357.35
1993-09-24,357.6
1993-09-27,354.15
1993-09-28,355.55
1993-09-29,353.35
1993-09-30,355.45
1993-10-01,355.25
1993-10-04,353.2
1993-10-05,353.25
1993-10-06,356.95
1993-10-07,356.5
1993-10-08,359.75
1993-10-11,360.25
1993-10-12,366.35
1993-10-13,365.55
1993-10-14,364.95
1993-10-15,364.65
1993-10-18,368.25
1993-10-19,368.9
1993-10-20,372.45
1993-10-21,370.3
1993-10-22,370.45
1993-10-25,369.5
1993-10-26,369.6
1993-10-27,369.0
1993-10-28,369.25
1993-10-29,368.85
1993-11-01,361.95
1993-11-02,362.95
1993-11-03,368.0
1993-11-04,372.25
1993-11-05,377.0
1993-11-08,375.1
1993-11-09,376.5
1993-11-10,376.9
1993-11-11,376.25
1993-11-12,373.25
1993-11-15,375.25
1993-11-16,374.05
1993-11-17,376.35
1993-11-18,376.05
1993-11-19,378.35
1993-11-22,378.25
1993-11-23,377.2
1993-11-24,377.15
1993-11-25,377.5
1993-11-26,377.0
1993-11-29,370.25
1993-11-30,370.45
1993-12-01,375.25
1993-12-02,373.95
1993-12-03,376.75
1993-12-06,376.05
1993-12-07,377.45
1993-12-08,383.75
1993-12-09,382.0
1993-12-10,383.15
1993-12-13,386.6
1993-12-14,386.95
1993-12-15,387.1
1993-12-16,385.75
1993-12-17,387.25
1993-12-20,389.25
1993-12-21,387.45
1993-12-22,386.45
1993-12-23,386.05
1993-12-24,386.75
1993-12-27,387.95
1993-12-28,387.55
1993-12-29,390.25
1993-12-30,390.75
1993-12-31,390.75
1994-01-03,393.75
1994-01-04,393.6
1994-01-05,390.95
1994-01-06,389.0
1994-01-07,386.5
1994-01-10,384.85
1994-01-11,387.95
1994-01-12,386.25
1994-01-13,389.95
1994-01-14,389.55
1994-01-17,391.45
1994-01-18,392.75
1994-01-19,392.6
1994-01-20,387.55
1994-01-21,381.35
1994-01-24,381.35
1994-01-25,381.5
1994-01-26,384.6
1994-01-27,376.0
1994-01-28,377.05
1994-01-31,382.25
1994-02-01,384.4
1994-02-02,385.15
1994-02-03,387.45
1994-02-04,386.85
1994-02-07,379.12
1994-02-08,382.38
1994-02-09,383.5
1994-02-10,381.75
1994-02-11,380.3
1994-02-14,383.88
1994-02-15,383.38
1994-02-16,383.55
1994-02-17,382.88
1994-02-18,380.0
1994-02-21,380.2
1994-02-22,377.85
1994-02-23,377.75
1994-02-24,376.5
1994-02-25,378.55
1994-02-28,381.5
1994-03-01,378.5
1994-03-02,377.85
1994-03-03,377.6
1994-03-04,376.95
1994-03-07,376.15
1994-03-08,376.75
1994-03-09,379.15
1994-03-10,386.6
1994-03-11,385.1
1994-03-14,386.55
1994-03-15,386.85
1994-03-16,385.05
1994-03-17,382.65
1994-03-18,387.05
1994-03-21,386.75
1994-03-22,389.25
1994-03-23,386.85
1994-03-24,391.25
1994-03-25,390.85
1994-03-28,388.25
1994-03-29,386.05
1994-03-30,386.15
1994-03-31,391.85
1994-04-01,389.4
1994-04-04,387.35
1994-04-05,384.6
1994-04-06,385.05
1994-04-07,384.75
1994-04-08,384.25
1994-04-11,378.75
1994-04-12,378.95
1994-04-13,378.5
1994-04-14,378.55
1994-04-15,378.0
1994-04-18,377.15
1994-04-19,372.05
1994-04-20,372.75
1994-04-21,373.45
1994-04-22,371.05
1994-04-25,373.4
1994-04-26,374.25
1994-04-27,374.25
1994-04-28,376.0
1994-04-29,376.95
1994-05-02,376.35
1994-05-03,375.75
1994-05-04,376.45
1994-05-05,373.65
1994-05-06,383.55
1994-05-09,381.35
1994-05-10,378.95
1994-05-11,382.05
1994-05-12,380.25
1994-05-13,380.75
1994-05-16,382.65
1994-05-17,381.25
1994-05-18,381.75
1994-05-19,381.45
1994-05-20,385.7
1994-05-23,389.05
1994-05-24,387.1
1994-05-25,386.7
1994-05-26,384.45
1994-05-27,384.75
1994-05-30,385.25
1994-05-31,386.85
1994-06-01,383.65
1994-06-02,384.05
1994-06-03,380.75
1994-06-06,380.5
1994-06-07,381.35
1994-06-08,382.25
1994-06-09,383.0
1994-06-10,383.55
1994-06-13,383.4
1994-06-14,384.4
1994-06-15,386.85
1994-06-16,385.65
1994-06-17,391.75
1994-06-20,389.45
1994-06-21,393.65
1994-06-22,389.95
1994-06-23,389.8
1994-06-24,390.95
1994-06-27,385.2
1994-06-28,386.4
1994-06-29,385.15
1994-06-30,385.75
1994-07-01,386.95
1994-07-04,386.95
1994-07-05,386.05
1994-07-06,383.95
1994-07-07,384.65
1994-07-08,384.5
1994-07-11,387.25
1994-07-12,385.6
1994-07-13,383.6
1994-07-14,384.25
1994-07-15,386.05
1994-07-18,386.0
1994-07-19,386.7
1994-07-20,385.6
1994-07-21,384.5
1994-07-22,385.05
1994-07-25,385.1
1994-07-26,387.1
1994-07-27,387.65
1994-07-28,385.35
1994-07-29,383.45
1994-08-01,383.7
1994-08-02,379.6
1994-08-03,378.25
1994-08-04,377.85
1994-08-05,377.95
1994-08-08,377.05
1994-08-09,378.0
1994-08-10,377.6
1994-08-11,378.9
1994-08-12,376.8
1994-08-15,377.65
1994-08-16,377.45
1994-08-17,377.45
1994-08-18,381.35
1994-08-19,382.15
1994-08-22,381.75
1994-08-23,381.8
1994-08-24,384.0
1994-08-25,383.45
1994-08-26,383.55
1994-08-29,386.8
1994-08-30,386.35
1994-08-31,386.25
1994-09-01,387.05
1994-09-02,387.15
1994-09-05,387.2
1994-09-06,388.0
1994-09-07,389.75
1994-09-08,390.45
1994-09-09,392.0
1994-09-12,390.9
1994-09-13,390.7
1994-09-14,388.65
1994-09-15,388.15
1994-09-16,389.85
1994-09-19,390.5
1994-09-20,393.75
1994-09-21,393.9
1994-09-22,396.45
1994-09-23,395.95
1994-09-26,394.25
1994-09-27,397.6
1994-09-28,394.4
1994-09-29,395.5
1994-09-30,394.85
1994-10-03,394.8
1994-10-04,392.65
1994-10-05,391.9
1994-10-06,392.35
1994-10-07,391.25
1994-10-10,390.65
1994-10-11,387.95
1994-10-12,388.05
1994-10-13,386.85
1994-10-14,387.65
1994-10-17,389.95
1994-10-18,389.0
1994-10-19,390.3
1994-10-20,391.05
1994-10-21,390.85
1994-10-24,389.65
1994-10-25,389.35
1994-10-26,389.1
1994-10-27,388.1
1994-10-28,387.15
1994-10-31,384.0
1994-11-01,384.45
1994-11-02,384.45
1994-11-03,383.55
1994-11-04,383.55
1994-11-07,382.5
1994-11-08,384.15
1994-11-09,383.95
1994-11-10,385.1
1994-11-11,385.25
1994-11-14,384.9
1994-11-15,386.55
1994-11-16,386.35
1994-11-17,385.45
1994-11-18,384.35
1994-11-21,383.4
1994-11-22,383.65
1994-11-23,384.7
1994-11-24,384.5
1994-11-25,385.05
1994-11-28,383.3
1994-11-29,383.15
1994-11-30,381.25
1994-12-01,379.6
1994-12-02,376.8
1994-12-05,376.05
1994-12-06,376.55
1994-12-07,376.75
1994-12-08,377.3
1994-12-09,377.35
1994-12-12,377.95
1994-12-13,378.0
1994-12-14,379.05
1994-12-15,380.5
1994-12-16,379.25
1994-12-19,380.0
1994-12-20,381.85
1994-12-21,381.85
1994-12-22,380.95
1994-12-23,380.35
1994-12-26,381.0
1994-12-27,381.6
1994-12-28,383.85
1994-12-29,382.55
1994-12-30,382.85
1995-01-02,383.15
1995-01-03,379.7
1995-01-04,374.55
1995-01-05,375.55
1995-01-06,371.95
1995-01-09,373.3
1995-01-10,374.7
1995-01-11,376.55
1995-01-12,380.2
1995-01-13,378.6
1995-01-16,377.75
1995-01-17,380.35
1995-01-18,382.3
1995-01-19,383.25
1995-01-20,384.95
1995-01-23,381.15
1995-01-24,381.6
1995-01-25,380.85
1995-01-26,381.6
1995-01-27,377.0
1995-01-30,376.85
1995-01-31,375.05
1995-02-01,376.15
1995-02-02,376.45
1995-02-03,375.95
1995-02-06,375.65
1995-02-07,374.5
1995-02-08,375.65
1995-02-09,376.05
1995-02-10,376.0
1995-02-13,375.45
1995-02-14,376.1
1995-02-15,376.35
1995-02-16,376.4
1995-02-17,378.45
1995-02-20,379.4
1995-02-21,378.35
1995-02-22,379.5
1995-02-23,379.2
1995-02-24,376.6
1995-02-27,376.35
1995-02-28,376.85
1995-03-01,374.9
1995-03-02,376.65
1995-03-03,376.65
1995-03-06,378.9
1995-03-07,383.95
1995-03-08,379.9
1995-03-09,381.4
1995-03-10,381.85
1995-03-13,385.0
1995-03-14,385.75
1995-03-15,386.4
1995-03-16,384.4
1995-03-17,383.4
1995-03-20,382.75
1995-03-21,381.95
1995-03-22,382.6
1995-03-23,383.85
1995-03-24,381.95
1995-03-27,381.9
1995-03-28,382.6
1995-03-29,382.15
1995-03-30,385.75
1995-03-31,390.75
1995-04-03,392.1
1995-04-04,391.8
1995-04-05,394.7
1995-04-06,393.35
1995-04-07,392.65
1995-04-10,389.55
1995-04-11,390.3
1995-04-12,389.95
1995-04-13,389.9
1995-04-14,391.5
1995-04-17,393.6
1995-04-18,396.25
1995-04-19,394.45
1995-04-20,391.9
1995-04-21,390.05
1995-04-24,390.35
1995-04-25,390.05
1995-04-26,386.25
1995-04-27,389.25
1995-04-28,386.75
1995-05-01,387.9
1995-05-02,389.15
1995-05-03,389.6
1995-05-04,391.25
1995-05-05,391.05
1995-05-08,389.6
1995-05-09,383.55
1995-05-10,383.8
1995-05-11,383.25
1995-05-12,383.5
1995-05-15,384.65
1995-05-16,384.5
1995-05-17,383.25
1995-05-18,383.3
1995-05-19,382.25
1995-05-22,381.95
1995-05-23,383.0
1995-05-24,384.0
1995-05-25,385.4
1995-05-26,385.75
1995-05-29,387.0
1995-05-30,384.25
1995-05-31,384.1
1995-06-01,384.45
1995-06-02,383.55
1995-06-05,384.3
1995-06-06,384.5
1995-06-07,386.1
1995-06-08,386.5
1995-06-09,387.95
1995-06-12,387.2
1995-06-13,386.4
1995-06-14,387.9
1995-06-15,390.95
1995-06-16,389.85
1995-06-19,391.25
1995-06-20,390.65
1995-06-21,390.35
1995-06-22,389.85
1995-06-23,389.9
1995-06-26,389.45
1995-06-27,389.2
1995-06-28,387.05
1995-06-29,388.0
1995-06-30,384.4
1995-07-03,384.75
1995-07-04,384.65
1995-07-05,384.0
1995-07-06,384.5
1995-07-07,385.7
1995-07-10,385.7
1995-07-11,385.8
1995-07-12,388.75
1995-07-13,388.45
1995-07-14,388.8
1995-07-17,389.2
1995-07-18,389.3
1995-07-19,388.25
1995-07-20,385.85
1995-07-21,386.35
1995-07-24,387.05
1995-07-25,385.95
1995-07-26,386.5
1995-07-27,383.45
1995-07-28,383.25
1995-07-31,382.6
1995-08-01,383.1
1995-08-02,383.0
1995-08-03,384.35
1995-08-04,383.75
1995-08-07,383.9
1995-08-08,384.6
1995-08-09,384.7
1995-08-10,384.45
1995-08-11,383.6
1995-08-14,384.4
1995-08-15,385.15
1995-08-16,382.7
1995-08-17,384.45
1995-08-18,384.9
1995-08-21,384.65
1995-08-22,383.25
1995-08-23,383.35
1995-08-24,383.3
1995-08-25,383.05
1995-08-28,383.25
1995-08-29,382.1
1995-08-30,381.55
1995-08-31,382.45
1995-09-01,380.85
1995-09-04,379.8
1995-09-05,380.05
1995-09-06,380.1
1995-09-07,382.4
1995-09-08,381.65
1995-09-11,382.6
1995-09-12,384.95
1995-09-13,384.3
1995-09-14,385.35
1995-09-15,385.15
1995-09-18,385.75
1995-09-19,385.25
1995-09-20,384.1
1995-09-21,384.15
1995-09-22,382.75
1995-09-25,382.95
1995-09-26,383.75
1995-09-27,383.25
1995-09-28,383.35
1995-09-29,383.6
1995-10-02,381.95
1995-10-03,382.4
1995-10-04,382.85
1995-10-05,382.6
1995-10-06,383.45
1995-10-09,385.2
1995-10-10,385.0
1995-10-11,384.65
1995-10-12,384.55
1995-10-13,384.1
1995-10-16,383.75
1995-10-17,383.75
1995-10-18,383.75
1995-10-19,381.95
1995-10-20,382.35
1995-10-23,382.4
1995-10-24,382.35
1995-10-25,382.75
1995-10-26,382.65
1995-10-27,382.3
1995-10-30,382.15
1995-10-31,382.55
1995-11-01,382.35
1995-11-02,382.75
1995-11-03,382.35
1995-11-06,382.55
1995-11-07,384.85
1995-11-08,385.1
1995-11-09,385.75
1995-11-10,389.24
1995-11-13,387.25
1995-11-14,385.55
1995-11-15,385.0
1995-11-16,385.75
1995-11-17,386.95
1995-11-20,386.55
1995-11-21,385.1
1995-11-22,382.8
1995-11-23,382.85
1995-11-24,383.65
1995-11-27,385.25
1995-11-28,388.75
1995-11-29,388.8
1995-11-30,387.3
1995-12-01,386.2
1995-12-04,386.1
1995-12-05,387.1
1995-12-06,388.7
1995-12-07,389.0
1995-12-08,389.7
1995-12-11,388.35
1995-12-12,388.2
1995-12-13,386.45
1995-12-14,386.2
1995-12-15,386.25
1995-12-18,387.65
1995-12-19,387.4
1995-12-20,388.75
1995-12-21,387.8
1995-12-22,387.25
1995-12-25,387.5
1995-12-26,387.65
1995-12-27,386.8
1995-12-28,386.8
1995-12-29,387.1
1996-01-02,390.6
1996-01-03,394.35
1996-01-04,394.45
1996-01-05,395.5
1996-01-08,396.6
1996-01-09,396.35
1996-01-10,399.9
1996-01-11,398.45
1996-01-12,396.2
1996-01-15,395.85
1996-01-16,398.35
1996-01-17,399.5
1996-01-18,396.75
1996-01-19,399.4
1996-01-22,403.3
1996-01-23,403.5
1996-01-24,403.1
1996-01-25,406.75
1996-01-26,405.85
1996-01-29,406.05
1996-01-30,404.4
1996-01-31,406.45
1996-02-01,413.0
1996-02-02,415.35
1996-02-05,413.7
1996-02-06,412.4
1996-02-07,408.65
1996-02-08,409.5
1996-02-09,405.45
1996-02-12,401.1
1996-02-13,403.9
1996-02-14,404.25
1996-02-15,403.35
1996-02-16,405.45
1996-02-19,405.65
1996-02-20,399.25
1996-02-21,402.25
1996-02-22,399.75
1996-02-23,398.25
1996-02-26,399.05
1996-02-27,398.25
1996-02-28,400.35
1996-02-29,399.75
1996-03-01,398.75
1996-03-04,393.95
1996-03-05,393.6
1996-03-06,393.25
1996-03-07,395.45
1996-03-08,397.1
1996-03-11,395.55
1996-03-12,396.55
1996-03-13,396.95
1996-03-14,395.7
1996-03-15,396.2
1996-03-18,395.6
1996-03-19,395.35
1996-03-20,395.95
1996-03-21,398.0
1996-03-22,398.35
1996-03-25,398.85
1996-03-26,400.2
1996-03-27,400.15
1996-03-28,396.5
1996-03-29,395.45
1996-04-01,394.95
1996-04-02,393.95
1996-04-03,394.15
1996-04-04,394.75
1996-04-05,394.75
1996-04-08,397.85
1996-04-09,394.5
1996-04-10,395.25
1996-04-11,395.45
1996-04-12,394.55
1996-04-15,393.35
1996-04-16,391.45
1996-04-17,391.15
1996-04-18,390.45
1996-04-19,390.6
1996-04-22,391.65
1996-04-23,391.3
1996-04-24,390.75
1996-04-25,393.35
1996-04-26,390.4
1996-04-29,390.55
1996-04-30,391.65
1996-05-01,393.05
1996-05-02,394.05
1996-05-03,392.45
1996-05-06,394.05
1996-05-07,394.05
1996-05-08,393.05
1996-05-09,392.85
1996-05-10,390.65
1996-05-13,391.45
1996-05-14,391.85
1996-05-15,392.7
1996-05-16,392.7
1996-05-17,392.55
1996-05-20,390.85
1996-05-21,391.45
1996-05-22,391.75
1996-05-23,391.55
1996-05-24,390.9
1996-05-27,391.15
1996-05-28,391.5
1996-05-29,391.25
1996-05-30,391.05
1996-05-31,391.0
1996-06-03,390.55
1996-06-04,388.25
1996-06-05,386.45
1996-06-06,386.15
1996-06-07,385.3
1996-06-10,386.05
1996-06-11,384.55
1996-06-12,384.6
1996-06-13,384.6
1996-06-14,384.9
1996-06-17,384.95
1996-06-18,385.6
1996-06-19,384.5
1996-06-20,384.5
1996-06-21,385.05
1996-06-24,385.05
1996-06-25,384.15
1996-06-26,383.25
1996-06-27,382.15
1996-06-28,380.45
1996-07-01,381.45
1996-07-02,382.25
1996-07-03,381.7
1996-07-04,381.15
1996-07-05,381.75
1996-07-08,381.3
1996-07-09,382.6
1996-07-10,382.6
1996-07-11,383.8
1996-07-12,383.45
1996-07-15,384.55
1996-07-16,383.5
1996-07-17,383.55
1996-07-18,383.85
1996-07-19,384.5
1996-07-22,384.85
1996-07-23,384.6
1996-07-24,385.45
1996-07-25,385.2
1996-07-26,385.25
1996-07-29,384.6
1996-07-30,384.6
1996-07-31,387.05
1996-08-01,386.3
1996-08-02,387.35
1996-08-05,389.0
1996-08-06,388.55
1996-08-07,388.15
1996-08-08,388.55
1996-08-09,387.65
1996-08-12,387.65
1996-08-13,387.85
1996-08-14,386.65
1996-08-15,386.6
1996-08-16,386.45
1996-08-19,387.2
1996-08-20,387.7
1996-08-21,386.85
1996-08-22,387.5
1996-08-23,388.45
1996-08-26,389.45
1996-08-27,388.95
1996-08-28,388.15
1996-08-29,387.8
1996-08-30,386.75
1996-09-02,386.9
1996-09-03,386.5
1996-09-04,385.75
1996-09-05,385.75
1996-09-06,385.25
1996-09-09,383.6
1996-09-10,383.2
1996-09-11,382.85
1996-09-12,382.65
1996-09-13,382.6
1996-09-16,383.35
1996-09-17,382.95
1996-09-18,383.35
1996-09-19,382.75
1996-09-20,381.25
1996-09-23,381.55
1996-09-24,382.85
1996-09-25,382.6
1996-09-26,381.35
1996-09-27,380.55
1996-09-30,378.55
1996-10-01,378.75
1996-10-02,379.8
1996-10-03,380.15
1996-10-04,380.5
1996-10-07,380.65
1996-10-08,381.4
1996-10-09,381.35
1996-10-10,382.05
1996-10-11,381.25
1996-10-14,381.75
1996-10-15,381.25
1996-10-16,381.15
1996-10-17,380.6
1996-10-18,380.35
1996-10-21,381.9
1996-10-22,384.0
1996-10-23,383.85
1996-10-24,383.15
1996-10-25,382.85
1996-10-28,383.25
1996-10-29,380.6
1996-10-30,380.5
1996-10-31,377.95
1996-11-01,378.25
1996-11-04,378.7
1996-11-05,378.75
1996-11-06,377.95
1996-11-07,379.1
1996-11-08,379.45
1996-11-11,381.5
1996-11-12,382.8
1996-11-13,383.15
1996-11-14,381.4
1996-11-15,380.3
1996-11-18,379.05
1996-11-19,378.15
1996-11-20,378.35
1996-11-21,376.7
1996-11-22,376.35
1996-11-25,374.5
1996-11-26,375.05
1996-11-27,373.45
1996-11-28,372.5
1996-11-29,371.4
1996-12-02,368.45
1996-12-03,368.65
1996-12-04,370.95
1996-12-05,370.9
1996-12-06,368.95
1996-12-09,368.1
1996-12-10,368.6
1996-12-11,369.05
1996-12-12,369.15
1996-12-13,368.7
1996-12-16,368.1
1996-12-17,368.55
1996-12-18,369.35
1996-12-19,369.05
1996-12-20,368.75
1996-12-23,368.85
1996-12-24,368.85
1996-12-25,368.9
1996-12-26,369.25
1996-12-27,369.45
1996-12-30,369.45
1996-12-31,368.05
1997-01-02,365.4
1997-01-03,361.05
1997-01-06,357.85
1997-01-07,358.85
1997-01-08,355.9
1997-01-09,357.75
1997-01-10,359.05
1997-01-13,358.5
1997-01-14,354.0
1997-01-15,352.5
1997-01-16,354.55
1997-01-17,355.55
1997-01-20,353.55
1997-01-21,352.95
1997-01-22,350.75
1997-01-23,351.95
1997-01-24,352.35
1997-01-27,356.25
1997-01-28,353.25
1997-01-29,351.25
1997-01-30,345.65
1997-01-31,344.35
1997-02-03,346.65
1997-02-04,344.35
1997-02-05,344.35
1997-02-06,343.05
1997-02-07,341.75
1997-02-10,341.4
1997-02-11,339.85
1997-02-12,342.9
1997-02-13,341.0
1997-02-14,344.75
1997-02-17,344.25
1997-02-18,345.85
1997-02-19,345.25
1997-02-20,350.5
1997-02-21,352.25
1997-02-24,353.25
1997-02-25,354.25
1997-02-26,354.25
1997-02-27,359.15
1997-02-28,363.25
1997-03-03,361.9
1997-03-04,358.95
1997-03-05,352.95
1997-03-06,352.15
1997-03-07,348.75
1997-03-10,351.85
1997-03-11,353.55
1997-03-12,352.1
1997-03-13,353.55
1997-03-14,352.25
1997-03-17,347.75
1997-03-18,349.45
1997-03-19,352.0
1997-03-20,351.5
1997-03-21,352.85
1997-03-24,350.0
1997-03-25,347.85
1997-03-26,350.35
1997-03-27,349.45
1997-03-28,349.75
1997-03-31,351.15
1997-04-01,351.95
1997-04-02,349.05
1997-04-03,348.85
1997-04-04,348.75
1997-04-07,348.05
1997-04-08,348.55
1997-04-09,348.05
1997-04-10,348.65
1997-04-11,346.95
1997-04-14,346.25
1997-04-15,342.05
1997-04-16,341.55
1997-04-17,342.55
1997-04-18,341.45
1997-04-21,342.9
1997-04-22,341.3
1997-04-23,341.35
1997-04-24,340.75
1997-04-25,342.15
1997-04-28,339.65
1997-04-29,339.95
1997-04-30,339.35
1997-05-01,340.45
1997-05-02,340.25
1997-05-05,342.85
1997-05-06,340.45
1997-05-07,341.45
1997-05-08,343.75
1997-05-09,348.05
1997-05-12,347.65
1997-05-13,349.5
1997-05-14,347.8
1997-05-15,347.45
1997-05-16,344.05
1997-05-19,341.55
1997-05-20,343.1
1997-05-21,342.95
1997-05-22,342.65
1997-05-23,342.6
1997-05-26,343.0
1997-05-27,344.05
1997-05-28,344.85
1997-05-29,345.75
1997-05-30,344.65
1997-06-02,343.5
1997-06-03,343.25
1997-06-04,341.25
1997-06-05,343.35
1997-06-06,343.45
1997-06-09,344.2
1997-06-10,344.05
1997-06-11,343.55
1997-06-12,341.55
1997-06-13,341.05
1997-06-16,342.65
1997-06-17,341.75
1997-06-18,339.25
1997-06-19,340.35
1997-06-20,337.65
1997-06-23,339.75
1997-06-24,337.75
1997-06-25,337.35
1997-06-26,338.25
1997-06-27,334.65
1997-06-30,333.95
1997-07-01,334.25
1997-07-02,331.35
1997-07-03,325.75
1997-07-04,324.5
1997-07-07,318.0
1997-07-08,319.85
1997-07-09,318.15
1997-07-10,319.85
1997-07-11,321.35
1997-07-14,319.7
1997-07-15,318.05
1997-07-16,318.05
1997-07-17,323.75
1997-07-18,328.95
1997-07-21,325.55
1997-07-22,325.25
1997-07-23,323.1
1997-07-24,323.38
1997-07-25,326.0
1997-07-28,328.62
1997-07-29,325.95
1997-07-30,326.05
1997-07-31,324.55
1997-08-01,324.65
1997-08-04,323.9
1997-08-05,320.75
1997-08-06,318.55
1997-08-07,321.95
1997-08-08,327.15
1997-08-11,328.45
1997-08-12,327.05
1997-08-13,327.15
1997-08-14,324.05
1997-08-15,326.05
1997-08-18,321.35
1997-08-19,323.25
1997-08-20,321.45
1997-08-21,323.88
1997-08-22,326.45
1997-08-25,324.7
1997-08-26,325.9
1997-08-27,325.45
1997-08-28,323.95
1997-08-29,324.15
1997-09-01,324.55
1997-09-02,322.5
1997-09-03,322.0
1997-09-04,321.55
1997-09-05,322.55
1997-09-08,321.95
1997-09-09,321.5
1997-09-10,321.75
1997-09-11,324.25
1997-09-12,324.15
1997-09-15,323.05
1997-09-16,320.75
1997-09-17,320.25
1997-09-18,320.65
1997-09-19,320.85
1997-09-22,321.25
1997-09-23,321.95
1997-09-24,323.1
1997-09-25,327.15
1997-09-26,326.75
1997-09-29,328.25
1997-09-30,334.45
1997-10-01,333.75
1997-10-02,331.45
1997-10-03,334.85
1997-10-06,332.55
1997-10-07,331.45
1997-10-08,333.25
1997-10-09,327.75
1997-10-10,329.65
1997-10-13,328.45
1997-10-14,327.95
1997-10-15,326.95
1997-10-16,325.85
1997-10-17,325.25
1997-10-20,323.65
1997-10-21,322.7
1997-10-22,322.45
1997-10-23,323.65
1997-10-24,309.0
1997-10-27,311.85
1997-10-28,315.75
1997-10-29,313.85
1997-10-30,316.45
1997-10-31,311.45
1997-11-03,313.45
1997-11-04,313.85
1997-11-05,313.55
1997-11-06,312.45
1997-11-07,310.25
1997-11-10,310.15
1997-11-11,309.75
1997-11-12,307.45
1997-11-13,307.85
1997-11-14,303.35
1997-11-17,303.85
1997-11-18,306.75
1997-11-19,304.05
1997-11-20,302.85
1997-11-21,304.95
1997-11-24,302.95
1997-11-25,300.35
1997-11-26,296.75
1997-11-27,296.0
1997-11-28,297.0
1997-12-01,293.85
1997-12-02,293.85
1997-12-03,292.35
1997-12-04,286.25
1997-12-05,288.25
1997-12-08,287.85
1997-12-09,282.75
1997-12-10,286.65
1997-12-11,284.05
1997-12-12,282.85
1997-12-15,284.35
1997-12-16,283.55
1997-12-17,289.15
1997-12-18,287.35
1997-12-19,289.05
1997-12-22,291.05
1997-12-23,294.05
1997-12-24,296.45
1997-12-25,296.75
1997-12-26,294.85
1997-12-29,291.05
1997-12-30,290.55
1997-12-31,289.05
1998-01-02,288.25
1998-01-05,281.85
1998-01-06,281.45
1998-01-07,283.85
1998-01-08,280.95
1998-01-09,278.65
1998-01-12,278.15
1998-01-13,282.75
1998-01-14,281.95
1998-01-15,285.55
1998-01-16,290.15
1998-01-19,287.55
1998-01-20,290.45
1998-01-21,292.55
1998-01-22,290.45
1998-01-23,299.62
1998-01-26,297.05
1998-01-27,300.75
1998-01-28,305.0
1998-01-29,302.85
1998-01-30,302.45
1998-02-02,302.95
1998-02-03,295.35
1998-02-04,299.35
1998-02-05,298.65
1998-02-06,298.15
1998-02-09,299.75
1998-02-10,300.45
1998-02-11,300.05
1998-02-12,298.75
1998-02-13,299.85
1998-02-16,298.25
1998-02-17,298.0
1998-02-18,297.55
1998-02-19,298.95
1998-02-20,297.25
1998-02-23,293.45
1998-02-24,291.45
1998-02-25,292.05
1998-02-26,294.65
1998-02-27,299.15
1998-03-02,299.7
1998-03-03,297.85
1998-03-04,296.05
1998-03-05,293.45
1998-03-06,294.45
1998-03-09,294.45
1998-03-10,296.0
1998-03-11,294.6
1998-03-12,294.55
1998-03-13,295.35
1998-03-16,294.55
1998-03-17,291.95
1998-03-18,291.15
1998-03-19,291.55
1998-03-20,291.75
1998-03-23,298.95
1998-03-24,299.65
1998-03-25,299.05
1998-03-26,301.55
1998-03-27,302.85
1998-03-30,301.65
1998-03-31,300.95
1998-04-01,299.75
1998-04-02,302.25
1998-04-03,308.25
1998-04-06,309.05
1998-04-07,309.75
1998-04-08,309.35
1998-04-09,308.45
1998-04-10,310.75
1998-04-13,310.95
1998-04-14,308.25
1998-04-15,307.25
1998-04-16,308.15
1998-04-17,307.75
1998-04-20,307.95
1998-04-21,310.75
1998-04-22,313.25
1998-04-23,314.05
1998-04-24,312.65
1998-04-27,309.65
1998-04-28,307.95
1998-04-29,310.25
1998-04-30,306.65
1998-05-01,302.25
1998-05-04,304.35
1998-05-05,303.35
1998-05-06,300.75
1998-05-07,298.55
1998-05-08,299.85
1998-05-11,300.35
1998-05-12,297.9
1998-05-13,298.45
1998-05-14,299.15
1998-05-15,301.25
1998-05-18,299.55
1998-05-19,298.65
1998-05-20,299.65
1998-05-21,301.15
1998-05-22,299.85
1998-05-25,299.75
1998-05-26,295.55
1998-05-27,293.85
1998-05-28,293.1
1998-05-29,292.95
1998-06-01,288.45
1998-06-02,291.4
1998-06-03,293.15
1998-06-04,293.7
1998-06-05,291.65
1998-06-08,296.25
1998-06-09,293.65
1998-06-10,293.25
1998-06-11,286.85
1998-06-12,286.0
1998-06-15,284.85
1998-06-16,288.65
1998-06-17,293.45
1998-06-18,293.25
1998-06-19,298.75
1998-06-22,295.45
1998-06-23,295.05
1998-06-24,292.85
1998-06-25,293.9
1998-06-26,293.85
1998-06-29,293.65
1998-06-30,296.95
1998-07-01,296.45
1998-07-02,293.85
1998-07-03,294.75
1998-07-06,293.25
1998-07-07,295.05
1998-07-08,293.25
1998-07-09,291.7
1998-07-10,290.85
1998-07-13,291.65
1998-07-14,293.15
1998-07-15,293.75
1998-07-16,293.45
1998-07-17,294.5
1998-07-20,296.15
1998-07-21,294.85
1998-07-22,294.15
1998-07-23,293.4
1998-07-24,291.45
1998-07-27,290.35
1998-07-28,291.75
1998-07-29,290.05
1998-07-30,289.5
1998-07-31,286.45
1998-08-03,283.88
1998-08-04,288.95
1998-08-05,287.95
1998-08-06,287.35
1998-08-07,286.65
1998-08-10,287.45
1998-08-11,283.95
1998-08-12,282.75
1998-08-13,285.35
1998-08-14,284.05
1998-08-17,285.05
1998-08-18,284.95
1998-08-19,283.35
1998-08-20,285.15
1998-08-21,284.8
1998-08-24,284.65
1998-08-25,283.05
1998-08-26,282.25
1998-08-27,276.55
1998-08-28,274.35
1998-08-31,276.65
1998-09-01,278.85
1998-09-02,280.15
1998-09-03,284.95
1998-09-04,286.85
1998-09-07,288.45
1998-09-08,286.05
1998-09-09,284.25
1998-09-10,290.45
1998-09-11,293.75
1998-09-14,290.35
1998-09-15,289.95
1998-09-16,287.85
1998-09-17,291.45
1998-09-18,291.45
1998-09-21,288.95
1998-09-22,287.85
1998-09-23,289.75
1998-09-24,294.15
1998-09-25,294.15
1998-09-28,295.75
1998-09-29,294.75
1998-09-30,296.95
1998-10-01,299.85
1998-10-02,300.55
1998-10-05,296.65
1998-10-06,296.25
1998-10-07,301.55
1998-10-08,299.65
1998-10-09,296.75
1998-10-12,296.25
1998-10-13,296.55
1998-10-14,296.15
1998-10-15,299.5
1998-10-16,299.95
1998-10-19,296.15
1998-10-20,296.25
1998-10-21,295.25
1998-10-22,292.55
1998-10-23,292.95
1998-10-26,292.5
1998-10-27,293.65
1998-10-28,293.05
1998-10-29,293.65
1998-10-30,292.55
1998-11-02,290.25
1998-11-03,289.15
1998-11-04,290.75
1998-11-05,293.95
1998-11-06,293.05
1998-11-09,292.75
1998-11-10,293.25
1998-11-11,292.95
1998-11-12,296.75
1998-11-13,295.85
1998-11-16,294.95
1998-11-17,294.55
1998-11-18,297.25
1998-11-19,295.75
1998-11-20,296.05
1998-11-23,296.7
1998-11-24,296.2
1998-11-25,296.6
1998-11-26,296.55
1998-11-27,295.85
1998-11-30,292.95
1998-12-01,293.75
1998-12-02,293.05
1998-12-03,291.85
1998-12-04,292.5
1998-12-07,295.15
1998-12-08,293.65
1998-12-09,294.05
1998-12-10,294.25
1998-12-11,290.85
1998-12-14,291.35
1998-12-15,292.75
1998-12-16,295.05
1998-12-17,291.75
1998-12-18,289.25
1998-12-21,288.95
1998-12-22,288.1
1998-12-23,286.75
1998-12-24,286.35
1998-12-25,286.75
1998-12-28,286.75
1998-12-29,286.25
1998-12-30,287.15
1998-12-31,288.25
1999-01-04,287.35
1999-01-05,286.95
1999-01-06,287.75
1999-01-07,291.55
1999-01-08,291.25
1999-01-11,292.9
1999-01-12,288.55
1999-01-13,286.95
1999-01-14,286.85
1999-01-15,287.05
1999-01-18,286.95
1999-01-19,286.55
1999-01-20,287.25
1999-01-21,287.75
1999-01-22,286.55
1999-01-25,287.85
1999-01-26,286.15
1999-01-27,283.35
1999-01-28,284.15
1999-01-29,286.35
1999-02-01,288.75
1999-02-02,288.65
1999-02-03,287.55
1999-02-04,289.45
1999-02-05,288.55
1999-02-08,289.5
1999-02-09,287.65
1999-02-10,287.25
1999-02-11,287.75
1999-02-12,289.55
1999-02-15,289.5
1999-02-16,285.45
1999-02-17,284.85
1999-02-18,285.75
1999-02-19,288.25
1999-02-22,287.15
1999-02-23,287.25
1999-02-24,287.75
1999-02-25,287.75
1999-02-26,286.8
1999-03-01,286.5
1999-03-02,286.95
1999-03-03,287.05
1999-03-04,287.95
1999-03-05,288.15
1999-03-08,291.25
1999-03-09,291.95
1999-03-10,293.05
1999-03-11,294.15
1999-03-12,292.35
1999-03-15,286.9
1999-03-16,283.65
1999-03-17,283.95
1999-03-18,283.25
1999-03-19,284.25
1999-03-22,284.45
1999-03-23,284.55
1999-03-24,284.05
1999-03-25,283.45
1999-03-26,279.75
1999-03-29,280.35
1999-03-30,279.25
1999-03-31,280.05
1999-04-01,280.45
1999-04-02,279.25
1999-04-05,278.45
1999-04-06,280.0
1999-04-07,280.35
1999-04-08,280.65
1999-04-09,281.55
1999-04-12,282.85
1999-04-13,283.35
1999-04-14,281.45
1999-04-15,284.0
1999-04-16,283.85
1999-04-19,284.55
1999-04-20,284.35
1999-04-21,283.85
1999-04-22,283.55
1999-04-23,283.55
1999-04-26,281.25
1999-04-27,282.0
1999-04-28,282.75
1999-04-29,286.05
1999-04-30,286.65
1999-05-03,286.35
1999-05-04,285.55
1999-05-05,287.35
1999-05-06,289.35
1999-05-07,282.75
1999-05-10,278.05
1999-05-11,278.25
1999-05-12,277.05
1999-05-13,277.75
1999-05-14,275.95
1999-05-17,274.45
1999-05-18,274.05
1999-05-19,273.15
1999-05-20,274.45
1999-05-21,273.0
1999-05-24,272.45
1999-05-25,270.55
1999-05-26,269.15
1999-05-27,270.5
1999-05-28,270.25
1999-05-31,270.35
1999-06-01,267.65
1999-06-02,265.4
1999-06-03,265.75
1999-06-04,265.35
1999-06-07,265.65
1999-06-08,262.25
1999-06-09,259.35
1999-06-10,258.45
1999-06-11,260.65
1999-06-14,260.5
1999-06-15,259.15
1999-06-16,258.4
1999-06-17,258.45
1999-06-18,259.55
1999-06-21,259.0
1999-06-22,258.35
1999-06-23,260.65
1999-06-24,260.95
1999-06-25,259.65
1999-06-28,260.55
1999-06-29,260.75
1999-06-30,262.5
1999-07-01,263.45
1999-07-02,263.25
1999-07-05,262.1
1999-07-06,257.25
1999-07-07,257.15
1999-07-08,256.5
1999-07-09,257.05
1999-07-12,255.65
1999-07-13,255.85
1999-07-14,254.0
1999-07-15,254.05
1999-07-16,253.75
1999-07-19,253.25
1999-07-20,253.35
1999-07-21,255.15
1999-07-22,255.95
1999-07-23,254.75
1999-07-26,253.75
1999-07-27,254.05
1999-07-28,254.15
1999-07-29,256.75
1999-07-30,255.95
1999-08-02,255.15
1999-08-03,256.05
1999-08-04,256.15
1999-08-05,255.75
1999-08-06,256.25
1999-08-09,257.25
1999-08-10,257.55
1999-08-11,258.95
1999-08-12,260.75
1999-08-13,260.65
1999-08-16,260.05
1999-08-17,261.55
1999-08-18,259.65
1999-08-19,258.5
1999-08-20,257.4
1999-08-23,254.25
1999-08-24,253.25
1999-08-25,252.55
1999-08-26,252.75
1999-08-27,253.75
1999-08-30,253.95
1999-08-31,255.55
1999-09-01,253.85
1999-09-02,255.45
1999-09-03,254.25
1999-09-06,254.7
1999-09-07,255.95
1999-09-08,256.15
1999-09-09,257.25
1999-09-10,256.55
1999-09-13,256.45
1999-09-14,257.4
1999-09-15,256.75
1999-09-16,256.05
1999-09-17,255.2
1999-09-20,255.0
1999-09-21,260.65
1999-09-22,264.25
1999-09-23,266.25
1999-09-24,268.75
1999-09-27,282.62
1999-09-28,309.05
1999-09-29,302.5
1999-09-30,299.5
1999-10-01,305.3
1999-10-04,318.5
1999-10-05,327.5
1999-10-06,326.0
1999-10-07,323.3
1999-10-08,320.5
1999-10-11,319.0
1999-10-12,317.5
1999-10-13,321.75
1999-10-14,313.5
1999-10-15,315.4
1999-10-18,311.5
1999-10-19,308.5
1999-10-20,305.35
1999-10-21,304.5
1999-10-22,302.9
1999-10-25,298.5
1999-10-26,289.0
1999-10-27,293.85
1999-10-28,299.0
1999-10-29,299.3
1999-11-01,290.5
1999-11-02,291.0
1999-11-03,291.5
1999-11-04,292.5
1999-11-05,290.5
1999-11-08,289.75
1999-11-09,292.5
1999-11-10,298.3
1999-11-11,294.2
1999-11-12,291.3
1999-11-15,291.5
1999-11-16,294.5
1999-11-17,294.38
1999-11-18,294.25
1999-11-19,295.0
1999-11-22,294.5
1999-11-23,298.12
1999-11-24,298.9
1999-11-25,298.38
1999-11-26,298.0
1999-11-29,291.2
1999-11-30,290.88
1999-12-01,289.5
1999-12-02,285.0
1999-12-03,280.1
1999-12-06,276.4
1999-12-07,283.3
1999-12-08,282.25
1999-12-09,278.25
1999-12-10,279.05
1999-12-13,280.1
1999-12-14,279.95
1999-12-15,282.75
1999-12-16,281.95
1999-12-17,283.8
1999-12-20,284.25
1999-12-21,287.25
1999-12-22,287.05
1999-12-23,286.95
1999-12-24,287.75
1999-12-27,288.0
1999-12-28,289.8
1999-12-29,290.7
1999-12-30,288.3
1999-12-31,288.25
2000-01-03,289.0
2000-01-04,282.45
2000-01-05,281.0
2000-01-06,281.23
2000-01-07,281.75
2000-01-10,281.48
2000-01-11,283.38
2000-01-12,282.48
2000-01-13,284.25
2000-01-14,284.0
2000-01-17,285.55
2000-01-18,288.65
2000-01-19,289.52
2000-01-20,288.62
2000-01-21,289.1
2000-01-24,287.7
2000-01-25,285.85
2000-01-26,285.95
2000-01-27,286.9
2000-01-28,282.75
2000-01-31,283.23
2000-02-01,282.62
2000-02-02,284.88
2000-02-03,287.4
2000-02-04,315.2
2000-02-07,301.8
2000-02-08,299.0
2000-02-09,306.25
2000-02-10,316.95
2000-02-11,311.2
2000-02-14,308.0
2000-02-15,302.0
2000-02-16,302.5
2000-02-17,301.25
2000-02-18,304.8
2000-02-21,305.5
2000-02-22,305.25
2000-02-23,300.1
2000-02-24,298.6
2000-02-25,292.6
2000-02-28,292.25
2000-02-29,292.12
2000-03-01,291.25
2000-03-02,288.2
2000-03-03,288.8
2000-03-06,287.9
2000-03-07,292.1
2000-03-08,288.6
2000-03-09,291.25
2000-03-10,289.0
2000-03-13,290.38
2000-03-14,288.88
2000-03-15,288.88
2000-03-16,286.5
2000-03-17,284.5
2000-03-20,285.88
2000-03-21,289.88
2000-03-22,288.0
2000-03-23,285.5
2000-03-24,284.9
2000-03-27,280.2
2000-03-28,279.35
2000-03-29,276.25
2000-03-30,276.5
2000-03-31,278.95
2000-04-03,278.15
2000-04-04,284.8
2000-04-05,281.5
2000-04-06,280.5
2000-04-07,280.2
2000-04-10,281.75
2000-04-11,281.62
2000-04-12,282.25
2000-04-13,281.8
2000-04-14,283.0
2000-04-17,281.38
2000-04-18,281.12
2000-04-19,280.77
2000-04-20,279.75
2000-04-21,280.0
2000-04-24,279.8
2000-04-25,278.25
2000-04-26,275.65
2000-04-27,277.05
2000-04-28,273.5
2000-05-01,273.62
2000-05-02,275.75
2000-05-03,278.38
2000-05-04,280.12
2000-05-05,278.95
2000-05-08,276.62
2000-05-09,277.25
2000-05-10,277.75
2000-05-11,275.95
2000-05-12,276.15
2000-05-15,275.65
2000-05-16,275.55
2000-05-17,273.35
2000-05-18,273.35
2000-05-19,274.25
2000-05-22,275.75
2000-05-23,274.35
2000-05-24,273.55
2000-05-25,270.25
2000-05-26,272.05
2000-05-29,272.15
2000-05-30,272.95
2000-05-31,272.15
2000-06-01,272.8
2000-06-02,281.38
2000-06-05,285.48
2000-06-06,289.3
2000-06-07,287.25
2000-06-08,284.45
2000-06-09,283.85
2000-06-12,286.75
2000-06-13,285.75
2000-06-14,291.75
2000-06-15,289.85
2000-06-16,289.25
2000-06-19,286.25
2000-06-20,286.2
2000-06-21,286.2
2000-06-22,285.65
2000-06-23,283.2
2000-06-26,284.0
2000-06-27,286.05
2000-06-28,292.8
2000-06-29,289.15
2000-06-30,290.1
2000-07-03,287.9
2000-07-04,286.75
2000-07-05,284.15
2000-07-06,283.5
2000-07-07,283.65
2000-07-10,283.95
2000-07-11,282.5
2000-07-12,280.75
2000-07-13,280.25
2000-07-14,281.35
2000-07-17,283.55
2000-07-18,282.65
2000-07-19,279.15
2000-07-20,280.25
2000-07-21,280.35
2000-07-24,279.25
2000-07-25,279.15
2000-07-26,279.75
2000-07-27,278.5
2000-07-28,278.4
2000-07-31,277.25
2000-08-01,277.35
2000-08-02,277.55
2000-08-03,274.0
2000-08-04,273.25
2000-08-07,273.75
2000-08-08,273.25
2000-08-09,272.85
2000-08-10,272.75
2000-08-11,275.15
2000-08-14,274.75
2000-08-15,274.65
2000-08-16,277.2
2000-08-17,277.6
2000-08-18,276.65
2000-08-21,275.25
2000-08-22,273.75
2000-08-23,271.25
2000-08-24,272.95
2000-08-25,274.25
2000-08-28,274.1
2000-08-29,273.45
